"Gene.name","HeLa.S3.WT.00_h.R1","HeLa.S3.WT.00_h.R2","HeLa.S3.WT.00_h.R3","HeLa.S3.WT.02_h.R1","HeLa.S3.WT.02_h.R2","HeLa.S3.WT.02_h.R3","HeLa.S3.WT.04_h.R1","HeLa.S3.WT.04_h.R2","HeLa.S3.WT.04_h.R3","HeLa.S3.WT.08_h.R1","HeLa.S3.WT.08_h.R2","HeLa.S3.WT.08_h.R3","HeLa.S3.WT.16_h.R1","HeLa.S3.WT.16_h.R2","HeLa.S3.WT.16_h.R3","HeLa.S3.WT.24_h.R1","HeLa.S3.WT.24_h.R2","HeLa.S3.WT.24_h.R3"
"E1W6V8",78.5,105.5,100.5,9,9.5,3,15.5,24,3,13.5,17.5,18.5,21,20,23,51,53.5,59
"E1W6V9",111,144.5,134,8,6,19,17,23.5,7,4.5,17,21.5,14.5,27,19.5,42.5,46,46.5
"E1W6W0",85,85.5,103.5,5,9,4.5,9.5,22,3.5,13.5,22,7,17.5,22.5,20.5,50,51,58
"E1W6W1",179,244,225,8,9.5,4.5,14.5,21.5,7.5,14.5,21,9,35,35,24,120,131.5,174
"E1W6W2",3.5,7,8.5,1.5,4.5,1.5,1.5,4,5,5.5,9.5,5,16,20.5,14.5,21.5,28.5,36.5
"E1W6W3",14.5,17,19.5,5,5,2,11.5,14,11.5,14,40.5,23,32,44.5,45.5,63,69,72.5
"E1W6W4",5,13,11.5,2.5,6.5,0.5,5.5,21.5,8.5,14.5,30.5,10.5,36,40.5,33,66,67,80
"E1W6W5",18.5,13.5,19,2,4,0,4.5,12,4,8,13,7.5,16,16,17,60,50.5,72.5
"E1W6W6",7.5,14,9.5,2,0.5,0,4,3,2.5,4.5,6,3.5,6.5,7.5,6,42,27,29.5
"E1W6W7",23,21.5,22.5,0.5,5,1.5,4,6,4,3,14,5.5,19,20,20,55.5,63,69
"E1W6W8",5.5,9,6,2.5,1,1.5,4.5,5.5,1,5,11.5,1.5,13,17.5,18.5,40,66,56.5
"E1W6W9",5.5,8,5,0.5,0,0,2,2,1,1,2.5,0,7,12.5,8.5,54.5,69,90.5
"E1W6X0",5,16.5,15,0,0.5,1.5,1.5,3.5,0,2.5,1,1,6.5,7.5,11.5,84,75,106.5
"E1W6X1",27.5,34,32.5,0.5,1.5,0,2,3.5,0.5,2,5,2,8.5,12,10.5,45,43.5,65.5
"E1W6X2",27,42,31.5,4.5,8.5,2,12.5,27.5,6,7.5,12.5,12,23,28.5,19.5,87.5,93,119.5
"E1W6X3",79,114.5,56,57.5,81,23.5,98,167.5,54,86.5,172.5,113,183,208,163,254.5,270,295.5
"E1W6X4",20,28,38.5,17,17,11,19,59.5,19,39,64.5,44.5,90.5,98,88,307,338,387.5
"E1W6X5",29.5,42.5,40.5,11,19.5,8.5,16,43.5,26,32,66,48,88.5,100.5,85.5,301.5,306,432.5
"E1W6X6",14.5,28,12.5,12,6.5,3.5,11.5,18,7.5,28,45,19.5,48,62,39,103.5,113,122
"E1W6X7",102.5,144.5,87.5,24,29,13.5,36.5,82,22,26.5,52,76.5,93.5,109,125.5,341,358,354.5
"E1W6X8",263.5,342.5,415,72,86,48,127,234.5,109,258,569.5,241,636.5,833.5,653.5,2134.5,2219.5,2639.5
"E1W6X9",1.3,0.7,0.4,0,0.4,0,0.2,0.1,0.7,0.2,1.1,1.5,3.3,6.5,4.3,16.5,9.3,10.7
"E1W6Y2",3.5,3,3.5,1,1.5,0,0,1.5,1,0.5,2.5,0,7,2,3.5,14.5,18.5,25
"E1W6Y3",0,2,2,1,1.5,0,0.5,1,0.5,1,1.5,1,4,0.5,4.5,14.5,25,17.5
"E1W6Y4",8.5,6.5,10,0,1,2,1,2.5,0,1,0.5,0.5,8.5,12,21,134,148.5,187
"E1W6Y5",320,430,292,18.5,21.5,5.5,26.5,42.5,18.5,23,37,52,72.5,86.5,90,476.5,512.5,595.5
"E1W6Y6",238,317,210,10,21.5,5,20.5,27.5,10.5,20.5,34,38,63,74,79.5,396,415.5,494
"E1W6Y7",9.5,10,12,0,1,0,0.5,4,1,2.5,3.5,2,5.5,4.5,4.5,30,17,35.5
"E1W6Y8",33,40,35.5,2.5,3,0,4.5,4,2,8,11,5.5,16,10.5,7.5,55.5,57.5,73.5
"E1W6Y9",29,55.5,35.5,1,5.5,1.5,5,2,2.5,4.5,6.5,7,10.5,18,27.5,145,166,211
"E1W6Z0",61,70.5,69.5,18,20.5,23,37.5,76,26.5,43.5,96.5,48,88,122,79.5,191,238,283.5
"E1W6Z1",206,251,214,25,36.5,16,42.5,91.5,25,30.5,84.5,70.5,76,92,74.5,220,264,272.5
"E1W6Z2",204.5,313.5,273.5,20,30,11,40.5,88,33,38,83.5,76.5,99.5,115,120.5,359,418.5,496
"E1W6Z3",42.5,61.5,66.5,10.5,12,1.5,11.5,28,4.5,12.5,28,18,30.5,28.5,34.5,83.5,98.5,121.5
"E1W6Z4",51.5,63,63.5,9,9,0,13,23.5,7.5,10,23.5,11.5,21.5,20.5,24.5,91.5,87.5,114
"E1W6Z5",106,146,198,15.5,21.5,11.5,31,55.5,16.5,35,55,55,72.5,102.5,106,256.5,297.5,351.5
"E1W6Z6",4,3.5,3.5,0,0.5,0,0.5,4,1,1.5,3.5,2.5,7.5,5,5,37,41,44.5
"E1W6Z8",0.5,1.5,5.5,0.5,1.5,0,0.5,7.5,1,1.5,6,3.5,7.5,13,11.5,20,24,24.5
"E1W6Z9",3.5,8,3.5,0.5,0,0.5,0,2,1,5,5,1,7.5,7,11,62,62.5,79.5
"E1W700",3,3,2.5,5,7,1.5,6.5,8,6.5,8.5,23,9,17,20,15,22,30.5,33
"E1W701",34.5,49.5,46.5,4,8,1,6.5,11,3.5,11,20.5,18.5,32.5,36,31,132,131,118.5
"E1W702",15.5,26,12,0,0,1,2.5,3.5,0,2,6.5,3,5,12,7.5,21.5,41.5,34
"E1W703",14,12,14.5,175,190.5,162.5,238,465,135.5,313.5,523,561,534.5,663.5,678.5,746.5,820.5,861
"E1W704",256.5,327.5,341.5,43,42.5,13,70,114.5,30.5,134.5,190,71,189,230.5,176,532,584,516.5
"E1W705",67,82.5,67,5,4.5,3.5,8.5,11,4,6,12,13,24,24.5,36.5,122.5,137,195.5
"E1W706",42.5,42,67,8.5,11.5,6.5,11,43,7,14.5,42.5,15.5,44.5,58.5,42,127,166.5,185.5
"E1W708",43,45,62.5,5,4.5,0,12,16.5,6.5,14,18,12.5,27.5,32,23.5,73,81,98
"E1W709",28,28.5,34,3,6,3.5,8,12.5,8,9,18.5,7,19.5,24.5,18,44.5,47.5,54.5
"E1W710",9,16,22,3.5,6,1.5,3,15,3.5,9,23.5,10.5,28,21.5,14.5,67,79,49.5
"E1W711",93,117.5,78,7,13.5,2,24.5,44,4,4.5,20.5,14,52.5,68.5,59.5,269.5,301,352.5
"E1W712",1310.5,1748,2300.5,214,275.5,83,324,576,151.5,322,645.5,364.5,1285,1569,1235,5806,6506,6725.5
"E1W713",55.5,64.5,49,18,13.5,7,13,24,6.5,11,20.5,11,45,51.5,57,251,282,345.5
"E1W714",5.5,8,4,0,3.5,0.5,3,2.5,1,0.5,2.5,3,10.5,8.5,14.5,72.5,83.5,125
"E1W715",43.5,71,74,2.5,3.5,4,11.5,20.5,3.5,17,27.5,14,47,54,55.5,277,290,362.5
"E1W716",20,25.5,29.5,0.5,2,1.5,3.5,4.5,2,7.5,6.5,6,15,21.5,20,56,67.5,99
"E1W717",6,9,10.5,1.5,0,0,2.5,4,1.5,3,4,2.5,8.5,9,7,41,42.5,44
"E1W718",12,13,15.5,0,1.5,0,1,1.5,0.5,1.5,1.5,2,5,5,7.5,47.5,58.5,62.5
"E1W719",25,33.5,44,0,4,1.5,2.5,5.5,1.5,4,7.5,9,20,18,19.5,104,129,146
"E1W720",9,6.5,5.5,1.5,2,0.5,2,5.5,1.5,4,4.5,7.5,8,13,16,78,90,104.5
"E1W721",4,3,5.5,1.5,1,0,0.5,0,0.5,0.5,1.5,1,5,4,5,29,27.5,42
"E1W722",16.5,20.5,19.5,0.5,2.5,0,1,4,3.5,3.5,4.5,6,17,11,10,58,75,67
"E1W723",18,34,19.5,5,2,1.5,6,10,0,9.5,15.5,9.5,28.5,39.5,23,124.5,150,149
"E1W724",17.5,24,25,4.5,1,0,5,4,3,3,10,6.5,10,26.5,12,54.5,59,70
"E1W725",140.5,189.5,226.5,36,39.5,19,47,101.5,35,90,161.5,64.5,210.5,257.5,118.5,670.5,659,435.5
"E1W726",43.5,46,42,3.5,6.5,3,12,17.5,14.5,21.5,25,26.5,40.5,59.5,67,310,333.5,387
"E1W727",64,85.5,61,13.5,19.5,6,25,41,21.5,28.5,68,82.5,128.5,146,102.5,292.5,364,425
"E1W728",37,52,61.5,6.5,12,6,19.5,36.5,16,33.5,46.5,33,90.5,86.5,65.5,263,249.5,294
"E1W729",72,75.5,81.5,5.5,8,3.5,11,28,12,10.5,41.5,20,53.5,66,70.5,238.5,274,317.5
"E1W730",184,244.5,300,5,5.5,1,10.5,13.5,5.5,7,18,5.5,43.5,58,34,192.5,215,250
"E1W731",193,222.5,270,11,26.5,10.5,27,58.5,24,45.5,79.5,47,87.5,145,116.5,378,478,569
"E1W732",2,7.5,6,2,0,1,1.5,1,0.5,2,3,2.5,5.5,3,2,9,16,17
"E1W733",0.5,0.5,1,0,0.5,0,1,1.5,0,1,0.5,1.5,0.5,1.5,2,23.5,23,23.5
"E1W734",0.5,1.5,1.5,0.5,1,0,0.5,0,0,0,0,0.5,1,1.5,3,22.5,32.5,33
"E1W735",24.5,34,29.5,1,0.5,0,2.5,4.5,3,3.5,5.5,0.5,21.5,29,19,120,139.5,174
"E1W736",99,132.5,67,10,11.5,4,15.5,30.5,13.5,12.5,31,31.5,62.5,65,67,246,243,274
"E1W740",7.5,5,18,1,2,2.5,1,2,1,8,4.5,1.5,12.5,13,3,51.5,61.5,78
"E1W741",18.5,24.5,15.5,0,1,0,0.5,3,2.5,0,3.5,2,16,17.5,17,40.5,34,50.5
"E1W743",5,5,1,0.5,0,0,0,2,0,0.5,1,1.5,1,3,1,8.5,9.5,11
"E1W744",88,79,42,8.5,6,2,4,14.5,4,3.5,5.5,8.5,13,18,15.5,66.5,78,102
"E1W746",2.5,7,5,0,1,0,2,0.5,0,1,2,1.5,7.5,10,7,37,35.5,55.5
"E1W749",5,7,2.5,0.5,0.5,0,1,3.5,1,0,0.5,0.5,1.5,5.5,1.5,10,14,14.5
"E1W750",93.5,142.5,65.5,6.5,8.5,2.5,9.5,18.5,5.5,3.5,3.5,14.5,14.5,15,28,28.5,31.5,44.5
"E1W751",5.5,7,5.5,2,3.5,0.5,4,6.5,0,0.5,1,1,4,5,11,38.5,48.5,67.5
"E1W752",20,21,5,2.5,2,0.5,2.5,1,0.5,1.5,3.5,0.5,11.5,17,22.5,116.5,153,170.5
"E1W756",18,19.5,12,0.5,1,0.5,2,0.5,1.5,1.5,1.5,1.5,6,15,10.5,50,64,68
"E1W757",2.5,3.5,2,0,1,1.5,0,1,0,1,0.5,1,6,8,10,39,42.5,38
"E1W758",5.5,8,6.5,0,1.5,1,1,2.5,2,1,1,1,17.5,11,15,64,65,105.5
"E1W759",4,7,4.5,0,0.5,0,2,2,0,0.5,1,0.5,1.5,1.5,4,17,11,16.5
"E1W764",8,3,2.5,0,1,0,2.5,4.5,2.5,2,6,0.5,12,8.5,7,58,57,68
"E1W765",7,5,9,0,1,3,2.5,1,0.5,1.5,5,3.5,8.5,11.5,7,37,40,46.5
"E1W766",2,2,5,0.5,0.5,0,1,2.5,1,3.5,2,2,8.5,9.5,9.5,42.5,42,55.5
"E1W769",1,0.5,3.5,0.5,0,0,1,0,0,0,0.5,0,2,4.5,2.5,5,7,7
"E1W770",2.5,1.5,1,0,1,0.5,0,1,0,0,4,1.5,3,1,1,6.5,5.5,14
"E1W774",9.5,13,13.5,1,0.5,0,3.5,5,1,3,14,3.5,15,16.5,24.5,100.5,105,115
"E1W775",2,1.5,0.5,0.5,0,0.5,0.5,1,0,0,1,1.5,4,4,3,13.5,19,23
"E1W776",7,4.5,5,1,4.5,2,2.5,6,1,9.5,10,6,9,14,9.5,24.5,40,45.5
"E1W777",18.5,31.5,25.5,51.5,69.5,39,105.5,190.5,63.5,158,309,156,196.5,238,204.5,162,165.5,137.5
"E1W778",2.5,5,4,0,0.5,0,1,0,0,1.5,1,0.5,3,2.5,3,7.5,11,14
"E1W779",0.5,3,3,0.5,0,0,0,0.5,0.5,1.5,1.5,1,1.5,2,0.5,13,16,18.5
"E1W781",7.5,13.5,9,1.5,2,0,3,7,2.5,8.5,8.5,2.5,12.5,9,18,72.5,85,96.5
"E1W783",1.5,0.5,1.5,0,2.5,0,0,0,0.5,0,0.5,0,2.5,0.5,2.5,12,14.5,12
"E1W784",4,13.5,5,41.5,58.5,11,85.5,174,47.5,68.5,130,127.5,157,150.5,167,212.5,220.5,241
"E1W785",0.5,1.5,3.5,1.5,6,3,5,9.5,4,12.5,14.5,19,12,16,14.5,37.5,40.5,60.5
"E1W787",31,49,24,6,4.5,1.5,8.5,12,3,3.5,20,13,12,20.5,14.5,64,68.5,65.5
"E1W788",14,9,2.5,3,1,0,1.5,3.5,1.5,0.5,5,5,4.5,5.5,5,10,14,30.5
"E1W789",42.5,78.5,79.5,8.5,19,6.5,19,36.5,11.5,27.5,51,18,59,75,74,174.5,203.5,216
"E1W790",8.5,12,11,1.5,0.5,0,1.5,0.5,2,0.5,3,2,6.5,10,7,46,48,44.5
"E1W791",44.5,61.5,47.5,2.5,6,3,3,7.5,1.5,3,11,5,16,20.5,16,78.5,97,153.5
"E1W792",22,15,18,0.5,2.5,0,1,2.5,1.5,4,6,2,12,12,20,88.5,81,108
"E1W793",39,25,33.5,1.5,2.5,2,6,10,3,6.5,10.5,14.5,44.5,46.5,58.5,249.5,316,359.5
"E1W794",23.5,39,42.5,4,4,1,8,8,4.5,9,15.5,3,31.5,44.5,30,167.5,180.5,206
"E1W795",10,13,14.5,1,1,0.5,5,4.5,1.5,4,5,2.5,12,20.5,17,49,46,66
"E1W796",35,45,91.5,7,8,4,9,35.5,3,9.5,13,14,27.5,37.5,25.5,94,118.5,131.5
"E1W797",5.5,15.5,7.5,0.5,1,0,1.5,5,2.5,0.5,5,2,6.5,8,4.5,16,21.5,27
"E1W798",39,55,50,2.5,9,4.5,13,14,10.5,5,16.5,18.5,49,67.5,76.5,115.5,128.5,177
"E1W799",91,105,154,3,6.5,4,5,18,6.5,6.5,12,6,21.5,35,27.5,127,123.5,154
"E1W7A0",41.5,61,79.5,7,5,9,9,12,4,5,22,3,35.5,35,33,149,142.5,178.5
"E1W7A1",11.5,16.5,20.5,3.5,1,1.5,3,6,4.5,4,4,4.5,6.5,12,20,43,59.5,62
"E1W7A2",1126.5,1609.5,1648,72.5,85,30.5,151.5,232,47,124.5,263,109.5,258.5,344,237.5,1143,1230,1474.5
"E1W7A3",23.5,30.5,31,8,11.5,8.5,12,22.5,3.5,8.5,15,12,79.5,81.5,131.5,788,794.5,989
"E1W7A4",4,8,3,0.5,2,0,1.5,1.5,1,1,6,0.5,2,3,1.5,26,28.5,29.5
"E1W7A5",29,35.5,23,2,2.5,0.5,7,8,3.5,5.5,9.5,4.5,19,23.5,16.5,90.5,110.5,144
"E1W7A6",12,6.5,8.5,1,0.5,2,0.5,2,1.5,1,3.5,1,2.5,3.5,3,20,29,30.5
"E1W7A7",19,35,47.5,2,2.5,3,4,11.5,5,6,8,10,24.5,31,28,104.5,134,127.5
"E1W7A8",15.5,17.5,13.5,1,7,1.5,3.5,8.5,1,4.5,7.5,3.5,9.5,13,16.5,58.5,61,65
"E1W7A9",2.5,4,1.5,0,0.5,0,1.5,0.5,0,2,0,2,3,4,6.5,32,25,49.5
"E1W7B0",7.5,11.5,9.5,1.5,3,1.5,3,4.5,5,2.5,7.5,2.5,11.5,15,15,41,46,58
"E1W7B1",12.5,25,5,1,1.5,3,4,9,2,3,11,5,19,24,18.5,77,76.5,102
"E1W7B2",20,42,18,1,2,1,5.5,9,2.5,9,9.5,6.5,20,19,25,119.5,125,128
"E1W7B3",2,3.5,4,0,0.5,0,2.5,5.5,1,0.5,1,2.5,5,3.5,9.5,29,25.5,40.5
"E1W7B4",7,11.5,8,0.5,0.5,2.5,0.5,5,2.5,1,2.5,3.5,9.5,15,12,51.5,56.5,68.5
"E1W7B5",2.5,9,7,1,1.5,0.5,4.5,2.5,0,3,2.5,2.5,7.5,9.5,8,53,56,75.5
"E1W7B6",20.5,28,18,1.5,3,0,4,8.5,1.5,3,10.5,2,18,19.5,19.5,99.5,96,132.5
"E1W7B7",151.5,141.5,170,20.5,14,3.5,23.5,52.5,20,42.5,69,35.5,89,118,123,562.5,701.5,905.5
"E1W7B8",62.5,62.5,40,14,13.5,4,24,34,10.5,43,59.5,26.5,71.5,114,70.5,233,272,317.5
"E1W7B9",1.5,5.5,3,113.5,149,34,198,325.5,81.5,220.5,479,236,385.5,490.5,289,375.5,432.5,459.5
"E1W7C0",5.5,3,5.5,1,8.5,0.5,4.5,6.5,4,2.5,2,5,6.5,5,4,10,9.5,15
"E1W7C1",48.5,56,66,12.5,24.5,8,8,20.5,9.5,12,10,9.5,15,16.5,10.5,42,49.5,39.5
"E1W7C2",61,78.5,79.5,24,27.5,9.5,12,30.5,13.5,0.5,3.5,5.5,6.5,6.5,3,26.5,38.5,35.5
"E1W7C3",1.5,2,0.5,2,0.5,0,3,1.5,0.5,0,0,0.5,3,1.5,7.5,3.5,4.5,15
"E1W7C4",0.5,0.5,0,0.5,1,0,1.5,1,0,0.5,0.5,2.5,2.5,1.5,4,5.5,4,13.5
"E1W7C5",4.5,5.5,2.5,10.5,14.5,4,20.5,35,12.5,24,42.5,35.5,58.5,65,89,107,119.5,124.5
"E1W7C6",8.5,14,12,3,1.5,0.5,4.5,3,2.5,2.5,6,5.5,11.5,15.5,10.5,35,43,43
"E1W7C7",11.5,19,16,3,1.5,1,7,10,3,6,15,6,12,16,9.5,45,52.5,59
"E1W7C8",10.5,7.5,11,1.5,1,0,4,3.5,4,3.5,5,6.5,11,13.5,12,35.5,35,53
"E1W7D0",1,4.5,5,0.5,0,0,0,0.5,0.5,1.5,1.5,4,3.5,6.5,5.5,18,37,44.5
"E1W7D1",7,3.5,2.5,0.5,0.5,0,0.5,1.5,0.5,1,0.5,0,4.5,3.5,2.5,8.5,10.5,14
"E1W7D2",3,8.5,4.5,3,1,3,1,2.5,0,1,5,2,10.5,6,6,20,30.5,23
"E1W7D3",2,4.5,4.5,0,0,1,1.5,0,0,1,4,1,4,5,6,20,22.5,27.5
"E1W7D6",1.5,3,1,0,0,0.5,0.5,2,0.5,0.5,1.5,2,2.5,0.5,6.5,5.5,10,11.5
"E1W7D7",1,1.5,1,0.5,0,0,0.5,2,1,1,1,1.5,4,2.5,2.5,10.5,13,14
"E1W7D8",2.5,6,4,0.5,0.5,0,2,1,0,1,3,1.5,5,6,3,17.5,27,42.5
"E1W7E2",8,6,6,2,2.5,0.5,3.5,0.5,0.5,3,2,1.5,2.5,7,12,26,23.5,48.5
"E1W7E3",87.5,133.5,1210,6,30,8.5,7.5,98.5,25,36,67.5,9.5,102.5,105.5,70,347,446.5,470
"E1W7E4",12,11.5,31,1.5,0,2.5,0.5,2,0.5,1,2.5,2,13,12,13,72.5,87,134
"E1W7E5",6,6.5,6,1.5,0,0,0,0.5,0,0.5,0.5,1.5,8.5,15,15,121,108.5,144
"E1W7E6",2,1.5,2,0,0.5,0,0.5,1,0,0,1,0,2,6.5,4,37.5,53.5,43
"E1W7E8",5,5,8.5,1,2.5,0,1,12,1,5.5,13.5,8,20,29,34,50,60,83
"E1W7E9",20,32,23.5,15,12.5,4.5,17.5,24,7,5.5,25.5,34,33,36,63,59.5,69,80
"E1W7F0",23.5,32.5,31,9.5,10.5,5,14.5,25.5,6,25,33,19,44,56.5,62.5,114,109.5,113.5
"E1W7F1",1.5,3,3.5,1.5,3.5,0.5,1,7,2,2.5,9,4.5,19.5,19,49,40.5,39,54.5
"E1W7F2",10,8,9.5,0.5,0.5,0,0.5,4,1.5,2,3,2.5,16,19,17,60,59.5,89
"E1W7F3",34,45,21.5,4.5,2.5,0.5,10.5,15,5,1,13,18,18,26,21.5,71.5,72,106.5
"E1W7F4",452.5,602,607.5,31.5,35.5,20,67,98.5,40,105,236,103,304.5,354.5,280,857.5,859.5,1052
"E1W7F5",57.5,69.5,100,34.5,36.5,20,43.5,79.5,47,58,134.5,95,153,194.5,135.5,156,164,225
"E1W7F6",15,13,11,27.5,36.5,16.5,17,32.5,13,33,49.5,31,74,84,89,140,139,167
"E1W7F7",18,22,21,4,1,2.5,7,10.5,2,10,23.5,14,23.5,25.5,27,88,89,97
"E1W7F8",3.5,7,7.5,0.5,0,0,3,0,2,2.5,7,2,5.5,6,17,89,89,129.5
"E1W7F9",1.5,0.5,0.5,1.5,1.5,0,1.5,2,0,2,5,1.5,8,6.5,4.5,20.5,28.5,26
"E1W7G1",0.5,4.5,3,0,0.5,0,0,0.5,0,2,4,1.5,7,4.5,2.5,17.5,20.5,23
"E1W7G2",3,6,2.5,0,1,1,0,1.5,0.5,2,2.5,2,1.5,5,5.5,26,27,33.5
"E1W7G3",7.5,7,8.5,1,4,0,1.5,4,0.5,5.5,9.5,13.5,7,8,12,38.5,46,64.5
"E1W7G4",18.5,11,19.5,0,1.5,0.5,0,3,0,2,5,1,6.5,7,11.5,45.5,56,65.5
"E1W7G5",34.5,59.5,33.5,3.5,3.5,0.5,2.5,8,2,2,7.5,10,19.5,28,25,115,122.5,151
"E1W7G6",11.5,18.5,15,0.5,0,0.5,1,1.5,1.5,3,4,3.5,7.5,14.5,12.5,38,53.5,70
"E1W7G7",15,23.5,29.5,0,1.5,0,1,6.5,1,8.5,5,2,10.5,19.5,22,75.5,96,146.5
"E1W7G8",2,3.5,1.5,0,0,1.5,0,3,0,1,2,1.5,7,5.5,2.5,28,23.5,21.5
"E1W7H3",4,4,1.5,0,2,0,2,0,0,1.5,2,0,4,5,6.5,36.5,40.5,42.5
"E1W7H4",9.5,14.5,8,0,0.5,0,0,1,0.5,0,0.5,0,0,0.5,0.5,5.5,10,12
"E1W7H6",9,10,11.5,0.5,0.5,0,1.5,1,3.5,3,4.5,3.5,9.5,12,12,32,32,46.5
"E1W7H7",45.5,48.5,56,3.5,5.5,4.5,7,22.5,6.5,12,22,15,40.5,60,56,264,267,297
"E1W7H8",13,19,17,2,1.5,0,0.5,4,2,1.5,4,1,6,11.5,12.5,65,60.5,82.5
"E1W7H9",42,49.5,43.5,8,13.5,0.5,16.5,21.5,12,10,34.5,23.5,48.5,56,41.5,165,181.5,238.5
"E1W7I0",48.5,71.5,88.5,9,14.5,4,22.5,28,10,20,35,33,68,87.5,60.5,170.5,164,254
"E1W7I1",5,3,6.5,0.5,0,0,1,0.5,0.5,5.5,5,2,9,9,6.5,22.5,14,24.5
"E1W7I2",3,9.5,8.5,0,1,0.5,4,2.5,0.5,0.5,9,3,5,9.5,3.5,13,13,18.5
"E1W7I3",3,7.5,4,0.5,0.5,0,0.5,0.5,1.5,1,1,1.5,2,5,4.5,23,33,37.5
"E1W7I4",20,32.5,34,3,2.5,0.5,14,9,2,4,7,4,16.5,15.5,10,64,70.5,78
"E1W7I5",12,17,17.5,2.5,2.5,0.5,4,15.5,2,3,11.5,4.5,15,13.5,9.5,32,35,44
"E1W7I6",9,11,9.5,1.5,2,0,1,3.5,1,0.5,4,2,4,4.5,5,17,25,35.5
"E1W7I7",9,8,7,0,1,0,0.5,1.5,0,0,1,1,3,3.5,2.5,10,16,22
"E1W7I9",13,15.5,16,1.5,1.5,0,2,7.5,1,1,9.5,1,12,13.5,7.5,56,84.5,54.5
"E1W7J0",8.5,21,7.5,1,2,1.5,3,2.5,1,1.5,4,3.5,7.5,14,14,55.5,52,78.5
"E1W7J1",6.5,14,5.5,1,2.5,1.5,6,7.5,1.5,2.5,5.5,1,32.5,43,61.5,320.5,411.5,506.5
"E1W7J2",20,19.5,28.5,1,1.5,0.5,8,7,3.5,6,17,4.5,24.5,19.5,23,132.5,151,187.5
"E1W7J3",68.5,66,50,6,5,2.5,11,17,7.5,6.5,13.5,13,14.5,25,22.5,74.5,101.5,111
"E1W7J4",42,50.5,34,8.5,13,7.5,17.5,21.5,10.5,8,16.5,15.5,36.5,34.5,49,76,83,106.5
"E1W7J5",3,5,6,0,0,0.5,2,1.5,0,0.5,2.5,3,5.5,5,10.5,29,26,48.5
"E1W7J6",16,11,20,5,4,4.5,4,12.5,6,4.5,14.5,10.5,16.5,29.5,20,40,45,64
"E1W7J7",11.5,13.5,19,3,4,0,5,8,2.5,10.5,15,10.5,13,30.5,16.5,44.5,55.5,55
"E1W7J8",13,18,18,1.5,1,1.5,3.5,11.5,0.5,4.5,10.5,9.5,15.5,21,18,37.5,45,60
"E1W7J9",23.5,25.5,24,2.5,3.5,0,3.5,9.5,6.5,6.5,17.5,8,13.5,20.5,19,69.5,93.5,106.5
"E1W7K0",45.5,53.5,50.5,1,0.5,1,0.5,2,1,4,4.5,0.5,6,6,4,18,23,21.5
"E1W7K1",34.5,39.5,42.5,0.5,0,0.5,0,1,0.5,1.5,2,0.5,2,2,4,12.5,8,12
"E1W7K4",19,15.5,13,0,1,0,0,1.5,0.5,0.5,0.5,0,0.5,0.5,0,6,6,6
"E1W7K5",38,50.5,50.5,1,1,0,1,3,0,0.5,0,0,1,2,2,8.5,10,9.5
"E1W7K6",68.5,103.5,96,0,0.5,1,2,2,0.5,0,0.5,1.5,4,3,6,13.5,25.5,17.5
"E1W7K8",46.5,73.5,63,0,2.5,0,1,0.5,0.5,0.5,1.5,0.5,3.5,2,2.5,16.5,14,20.5
"E1W7L0",52,75.5,71.5,0,2.5,1,2,4,1.5,1.5,4.5,0,4.5,4.5,4,24.5,24.5,22.5
"E1W7L1",23,32,37.5,0.5,1,0,0,1,0.5,1,0,0,1.5,4.5,1.5,15.5,19.5,22.5
"E1W7L2",148,180.5,184,1,2.5,2,4.5,6.5,1.5,4,2,5,9,8,7.5,58,53,68
"E1W7L3",85.5,121,108.5,0,1.5,0,3.5,0.5,0,1,2.5,2,4.5,7.5,6.5,39,32.5,53
"E1W7L4",183.5,185.5,284.5,12,21.5,15,29,52.5,19.5,34.5,82,29.5,96.5,116.5,104.5,399,413.5,450
"E1W7L5",19.5,27,13,1.5,1.5,0,3,6.5,2,1.5,2,1,4.5,8.5,6.5,35.5,46,61.5
"E1W7L7",2,5.5,0.5,0.5,1.5,0,2.5,0.5,0,0.5,0.5,0.5,3,3.5,1.5,15.5,16,27.5
"E1W7L8",5,4.5,4.5,0,4.5,0,3.5,8,1.5,2,0.5,4.5,4.5,9,5.5,30.5,36.5,40
"E1W7L9",388,463,262.5,42,45,6.5,78,135.5,21,40.5,91,51.5,243.5,280,273.5,1368.5,1533,1628
"E1W7M0",314.5,386.5,248.5,35,43,11,54.5,75.5,22.5,21.5,51.5,45.5,98.5,136,140.5,516.5,592.5,850
"E1W7M1",132.5,185,132.5,21,18.5,5,23,55.5,15.5,29.5,39.5,28.5,114,150,138,671,809,929
"E1W7M2",99.5,135.5,124.5,5.5,13.5,11.5,12,31,12,17,48.5,24,103.5,119.5,98,552.5,648,616
"E1W7M3",118,165.5,159,14.5,22,14,41.5,74,30,50.5,78,66,143,183.5,153,498.5,547,679
"E1W7M4",435.5,528,478,17,27.5,15,40,78.5,27.5,101,150.5,138.5,214,270.5,164,535.5,568,762.5
"E1W7M5",105.5,126,126,4.5,13.5,7.5,16,25.5,9,11.5,34,24,100.5,98,76.5,356,385,499
"E1W7M6",29,30,32,18,25.5,15.5,40,52.5,25.5,56.5,112,63,128.5,139.5,120.5,158,180.5,214.5
"E1W7M7",49,60,73.5,23.5,36.5,6,59.5,107,40.5,73.5,159.5,90,184,240.5,188.5,238.5,274,345
"E1W7M8",11,20,14.5,8.5,3.5,1,14,10.5,4,6,21.5,13.5,20.5,35.5,33,74.5,99.5,97
"E1W7M9",11,20,11.5,7,9,3,12,22.5,9,14,35.5,24,47,46.5,52,120,136,143.5
"E1W7N0",213.5,253,285.5,20,23.5,4,36,58,23,37,94.5,35,103,135,81.5,231.5,261.5,310
"E1W7N1",28.5,48.5,24,3,1,0.5,3,4.5,2,2.5,3.5,2,10.5,10,10,46,50.5,76
"E1W7N2",9,8.5,5.5,0.5,0.5,0,0.5,0.5,0,1,2,3,6,4.5,3,24.5,26,44
"E1W7N3",2,4.5,2,1,1,0,0,1,0.5,0.5,0.5,0.5,3.5,1.5,5,23,19,20.5
"E1W7N4",3,3,1.5,0.5,0,1,0,1,0,3,1.5,2.5,1.5,2.5,3.5,15,11.5,15
"E1W7N5",78,115.5,147.5,18,28,7.5,46,59,11,18.5,38,15.5,95,108,90,288.5,298.5,403.5
"E1W7N6",18,13.5,29,2.5,2,1,8,11,2,1.5,6,3.5,16.5,19,16,64,69.5,104.5
"E1W7P1",13,6,5.5,0.5,1,0,0.5,4.5,2,2.5,3,3.5,19.5,24.5,41,284,346.5,389.5
"E1W7P2",11,13,10.5,0,0.5,1,0.5,1.5,0,0.5,3.5,1,13,11,15.5,109,105.5,155
"E1W7P5",0.5,3.5,3.5,1,2,0,1.5,7.5,3.5,2.5,6.5,4,4,7.5,4,11.5,11.5,13
"E1W7P6",2,6.5,3,0,2,0,1,2.5,2.5,2.5,3,3,5.5,7,5.5,34.5,33.5,47
"E1W7P7",10.5,8,8.5,2,1,0,0.5,3,0.5,10.5,14.5,1.5,18.5,25.5,17.5,66,102,147
"E1W7P8",0.5,0.5,1.5,0,1,1.5,3.5,2.5,2.5,4.5,6,3,4.5,7,3,20,23.5,32.5
"E1W7Q1",2.5,5,1,0,1,1,1,1,1,2,6,1,6,5,4,24,21,25.5
"E1W7Q2",7.5,1.5,2,0.5,0,0,1,3.5,1,0,1.5,0,2.5,4,1,12.5,12.5,22.5
"E1W7Q6",3.5,4.5,2.5,2,2,0,1.5,1.5,0.5,0.5,0,1,3,5,7.5,46,41,51.5
"E1W7Q7",6.5,14,2.5,1,0,3.5,0.5,1.5,0.5,0.5,1.5,3.5,8.5,7,12,74.5,66.5,75.5
"E1W7Q9",5.5,14,2,1.5,0,0,3.5,0.5,0,0,4,4,6.5,7,11.5,60.5,69.5,85.5
"E1W7R0",7,8,7,2.5,0,0,0,4.5,0,2,0.5,3,5.5,6,8,39,38.5,49.5
"E1W7R2",11,9,6.5,1,2,0.5,0,4.5,1.5,3.5,0,1,9.5,13.5,13.5,75,83.5,95
"E1W7R3",87.5,119.5,138.5,8.5,10.5,1,17.5,34,9.5,8.5,24.5,27,75.5,85,112,532.5,617,977
"E1W7R4",48.5,47.5,71.5,1.5,4,1,5,6,2,3,11,6.5,49.5,45.5,67.5,323,416.5,541
"E1W7R5",4,1.5,7.5,1,0,0,1.5,0.5,0.5,1,4,1,4,9,11.5,68,74,107.5
"E1W7R7",1495,2309,763.5,103.5,135,30,154.5,247.5,43.5,47,76,90.5,230,298.5,233,1393,1638.5,1607.5
"E1W7R8",155,237,35,11.5,17,2,18.5,38.5,0.5,0.5,3,4,7,13,22,42.5,47.5,97.5
"E1W7R9",56,70,52,8.5,7.5,2.5,11,24.5,5.5,10.5,18.5,13.5,41.5,39.5,41,203.5,215,251.5
"E1W7S0",198.5,238,254,25.5,30,14.5,56.5,87,27,61,128,69.5,168.5,208,174,741,767.5,837
"E1W7S1",37,55.5,51,10,6,2,18.5,29.5,5,13,32.5,12,48.5,53.5,42,143,176,207
"E1W7S2",6.5,19,11.5,1,0.5,0,1,2.5,3.5,2,7.5,4,8.5,19.5,13.5,34,44.5,72.5
"E1W7S3",37,49.5,48.5,9,6,9.5,8,22.5,4.5,14.5,19.5,8,26.5,42,36,135.5,167.5,180.5
"E1W7S4",13.5,17.5,12,1.5,3,0,1,3,0.5,0.5,4.5,2.5,4,11,10,63.5,61,85.5
"E1W7S5",7.5,12,11.5,1,0.5,0,1,3,1.5,4.5,6.5,2,9.5,11.5,12.5,56,57.5,98
"E1W7S6",3.5,9,6,1,0,0,1.5,5,2,1.5,5,4.5,6,10.5,5,29,31.5,34
"E1W7S7",17,23.5,9,2.5,2.5,1,4.5,3.5,2.5,5.5,9.5,6,14,14.5,12,58.5,64,58.5
"E1W7T8",19.5,17.5,26.5,9,11,3.5,15.5,19,5.5,10,29.5,13,21,33,22.5,28,42,45.5
"E1W7U0",48.5,51,77,3.5,7,2.5,3.5,14.5,5.5,8.5,19.5,6,15.5,22.5,11.5,30.5,41,50
"E1W7U1",42.5,44.5,77,13.5,20,15.5,31.5,65,15,38.5,61.5,10.5,48.5,53.5,33,83.5,74.5,131.5
"E1W7U5",2,4.5,3,1,0.5,0,0,0.5,0,1,2.5,0,2,2.5,3.5,23.5,24,37.5
"E1W7U7",3.5,3.5,2,1.5,1,0,2,2.5,0,0.5,1.5,1.5,6.5,6,6.5,45,56.5,55.5
"E1W7U9",80.5,77,84,5,7.5,3,13.5,20.5,22,58,180.5,43,240,292,198,650.5,851,918
"E1W7V3",6.5,9.5,1,0,0.5,0.5,1.5,4.5,0,1.5,3.5,3,5.5,8.5,7,55,76.5,79.5
"E1W7V4",15,10.5,7,1.5,1,1,2.5,1,1,0.5,3,4,2,3,3.5,13.5,17.5,19.5
"E1W7V5",4.5,5.5,3.5,19.5,22.5,21,39,54.5,27,29.5,61,41.5,62.5,88.5,56.5,56,68,67.5
"E1W7V6",9,13,8,16.5,19.5,8,65,86.5,23,78,172.5,132.5,209.5,271,243.5,312,382.5,360
"E1W7V7",8,5,2.5,2.5,4,0,5.5,16.5,2,4.5,12,3.5,10.5,13,28.5,137.5,176,157
"E1W7V8",2.5,3,3.5,0,1.5,0,1,0.5,1,2,1.5,2.5,1,2.5,2.5,6,8.5,11.5
"E1W7V9",7.5,4.5,12.5,0.5,1.5,0,2.5,1.5,1,3,5.5,2,5,9.5,10,23.5,33,38
"E1W7W0",31.5,41,21,1.5,2,0.5,10,12,10.5,8,14,12,31,45,55.5,308,378,372.5
"E1W7W1",19,30.5,40,2.5,5.5,2.5,7,10.5,3,12.5,25,16.5,36,41,27.5,82.5,106.5,133
"E1W7W2",17,22,17.5,4,2.5,1,4.5,8,4,2,19.5,4,25,32,19,44.5,52.5,74.5
"E1W7W3",33,51.5,51.5,6.5,8.5,3.5,7.5,24,4.5,16,46.5,17.5,51.5,65,41,112.5,129,138.5
"E1W7W4",66.5,71,54,4.5,7.5,4,11,30.5,8.5,16.5,34,27,48,63.5,46.5,111,123,177
"E1W7W5",94,111.5,117.5,17,18.5,10,32.5,52.5,21,41.5,93.5,54,117,142.5,103,253,305,350
"E1W7W6",159,234.5,187.5,28,35,16.5,43,96,33.5,66.5,157.5,90.5,143,193,122,405,459,534.5
"E1W7W7",12,12.5,20,1,4,1,1,4,2,3.5,9.5,6.5,14.5,12.5,12.5,56,59,74.5
"E1W7W8",41.5,41.5,22.5,5.5,5.5,0.5,2,8.5,1.5,15.5,39,4,25,38.5,17,106,144.5,84.5
"E1W7W9",34.5,36.5,51.5,2,2.5,4,5,8,2.5,4.5,7,7,32,36,50,317.5,343,401
"E1W7X0",21,31,28.5,0.5,2.5,1,3,8,2.5,4,7.5,6,27.5,29.5,60,344,388.5,555.5
"E1W7X3",2,0.5,2,0,1.5,0,0.5,0,0,0.5,2,0,4,2,3.5,16,20,26
"E1W7X5",3.5,2,1.5,0,0.5,0,2,3,1,1.5,6,0.5,6,4.5,7,56,60.5,69.5
"E1W7X6",2,2,2,0.5,0.5,0.5,2,5,2.5,2,8.5,2,7.5,14,11.5,64.5,58,65.5
"E1W7X7",8.5,11.5,11,2,0.5,1,2.5,3,3.5,3.5,5,7,16,19.5,23,99,119,164.5
"E1W7X9",7.5,11.5,8.5,0,1.5,0,1.5,1,0,0,0.5,1.5,7,7,13,72.5,79.5,103.5
"E1W7Y0",4,5.5,5.5,0,1,0,2,1.5,0,0.5,1,1,2.5,4.5,8.5,53,72,80
"E1W7Y1",9.5,11.5,11.5,0,1.5,0,0.5,2,0,1,1.5,2,9,7,9,60,77.5,87
"E1W7Y2",8.5,11,12,0,2,1.5,1,3,1,4.5,6,5.5,9,10,6,17,22,27.5
"E1W7Y3",18.5,17,27.5,1.5,4,3,3.5,8.5,2.5,9.5,13.5,6,24,19.5,15,35,41,46
"E1W7Y4",19,20,17.5,5.5,4,0.5,5,15,4,9.5,20.5,9,24,39.5,16.5,41,48,45.5
"E1W7Y5",28.5,29.5,40.5,3,3,1,9.5,19.5,5.5,9,18.5,10,31.5,35.5,27,83.5,85,112.5
"E1W7Y6",228.5,322.5,270.5,22.5,21.5,15,28,54.5,51,125,160,70,227,284.5,236,384,450,396
"E1W7Y7",0,2,2,1,1,0,3.5,1.5,0,1,2.5,1,2.5,3.5,3.5,20.5,30,36
"E1W7Y8",17.5,26.5,20.5,1.5,2.5,0,5.5,15,6,11,14,5,20.5,26.5,14,67.5,58.5,81
"E1W7Y9",7,19,11.5,1.5,1.5,2.5,3.5,3.5,2.5,5.5,6,11,17,12.5,12,55,61.5,73.5
"E1W7Z0",35,45,48,5.5,6,1,8.5,15.5,5.5,7.5,16.5,15.5,26,38.5,20,100,92.5,120.5
"E1W7Z1",79,107,97.5,11,13.5,11,26.5,39.5,12.5,27.5,48.5,47.5,110.5,120.5,105,408,463,415.5
"E1W7Z2",94.5,114,98,15.5,28.5,13.5,27,46.5,26.5,21,73.5,60.5,123.5,147,176,451,515.5,575
"E1W7Z3",69,88,77,15,20.5,8.5,21.5,30,28,16,52,58.5,133,134.5,164,426.5,411,457
"E1W7Z4",840.5,1027.5,579.5,79,114,15.5,94.5,163.5,80.5,55.5,210,196,428.5,548.5,472,1108.5,1197,1003
"E1W7Z5",58,76,97,6.5,10.5,5,18.5,28,14.5,14.5,36,20.5,74.5,77,56,100.5,114.5,128
"E1W7Z6",45.5,48,50.5,2.5,7,4,11.5,17,7,9,28.5,12,43.5,50.5,29,68.5,85.5,86.5
"E1W7Z7",61,75.5,94.5,10.5,16.5,3.5,18,46,12,25,42.5,27.5,57,75.5,62.5,112.5,112,129.5
"E1W7Z8",95,117.5,102,13.5,21.5,8.5,26,48.5,15.5,28,54.5,45.5,59,70,71,131,150.5,157
"E1W7Z9",44,50,59.5,3,9,6,8.5,17.5,9.5,9,17,21.5,36.5,35.5,36,67,87.5,97
"E1W800",47,61,60.5,1.5,7.5,5,12,18,9,12.5,21.5,21.5,31,41,56,125.5,118,163
"E1W801",63.5,79.5,92,7,19,5,16.5,21,12.5,13,28,25.5,69.5,80,75.5,163,208,228.5
"E1W802",82,133,145.5,6.5,18.5,11.5,17.5,37,13,11,31,26.5,54.5,64,83,206.5,233,276.5
"E1W803",63,72,78.5,9,8.5,10.5,12.5,15,4.5,10.5,28,17,51,60.5,52,200,213.5,225.5
"E1W804",196,262,204,22,21.5,7.5,23,37,16.5,28,55,58,107,126.5,122,447,444.5,500.5
"E1W805",152.5,166,230.5,22,32,19,42,83,27,36.5,90.5,58,137,172,156,471.5,511,637
"E1W806",464.5,685,456,48.5,72,22.5,87,174,37,93.5,182,124.5,451,572,546.5,3137.5,3605,3640.5
"E1W807",21.5,27,19,1.5,1.5,0,3.5,4,1,2.5,4.5,5.5,8.5,13,9,54.5,56,62.5
"E1W808",220.5,232.5,256,9,23,4.5,27,38.5,7.5,30,57,37,80,90.5,65.5,271.5,311.5,339.5
"E1W809",4.5,5,6,0,0.5,0,0,0.5,0.5,0.5,1.5,1.5,1.5,2,3,6.5,12,10
"E1W810",8,11.5,8,2.5,1,0,1.5,1.5,0.5,3.5,2.5,1.5,6.5,2.5,4,8.5,12.5,17
"E1W811",16,27,23,2.5,1.5,0.5,0,3.5,3,3.5,4,3.5,7,9.5,11.5,47.5,59,50
"E1W812",19,21.5,14,2,1,0,2,11,0,4.5,6.5,2.5,13,8.5,10.5,41,43,55.5
"E1W813",72.5,90,54,4,4,1,11,27.5,5.5,6.5,16.5,10,47,59.5,52,319.5,341,388.5
"E1W814",4.5,1.5,6.5,0.5,0,0,0.5,2,0,0,1,0,3,5,8.5,29.5,35.5,57
"E1W815",1,1.5,2,1.5,0,0,0,1.5,0,0,3,1,3.5,3,3.5,30.5,30,54.5
"E1W817",11,12.5,17.5,0,0.5,0,2,3,1,2,5.5,2.5,6,6.5,5.5,37,46,53
"E1W818",16.5,17.5,29.5,1,6.5,2,4.5,1.5,1.5,5,9,3.5,9.5,9.5,15,49,49,68
"E1W819",36,42,51,4.5,7,3,6,10.5,8,19.5,51.5,5.5,57.5,80,45,241.5,240.5,484
"E1W821",3.5,3,8,0.5,0.5,0,0,0.5,0,0.5,2,2,2.5,3,1,18.5,26.5,38.5
"E1W822",27.5,37.5,33,2,3.5,0,4.5,8.5,3,4.5,7,4.5,17,11,14.5,63.5,63.5,92.5
"E1W823",434,515.5,307,7.5,15.5,4,11.5,30,11.5,3,18.5,22,65.5,92.5,119.5,639,745.5,1001
"E1W824",1244.5,1525,2163.5,42.5,47.5,18.5,81.5,108,37,100,168.5,60.5,252.5,282.5,226.5,1055.5,1136,1361.5
"E1W825",683,859.5,991.5,29,36,11.5,38.5,92,29,53.5,98.5,47,131.5,174.5,93.5,367,406.5,402.5
"E1W826",498.5,654.5,913,24.5,40.5,22.5,53.5,98,25.5,61,115.5,65,153,208,147,633,699.5,828.5
"E1W830",208.5,300,381,17.5,35.5,25.5,35.5,57.5,27.5,50,83,69.5,140.5,157.5,135,336.5,363.5,501
"E1W831",51,55,57,2,3,0,7.5,9,2,5,14.5,8,14.5,20,26,43.5,57,54
"E1W832",44.5,55,40.5,4,6.5,1.5,4,5,1.5,7,11,10.5,18,21,32.5,87,93,94.5
"E1W834",6,8.5,3,0,0,1,0,1,0,0.5,1.5,1.5,5.5,4,3,23,33.5,31
"E1W835",42,58,25,3.5,3,2.5,6.5,16,3,2.5,7,5.5,12,18,15,82.5,76.5,77.5
"E1W836",75.5,97,51,7.5,7.5,3,12.5,24,7,5.5,16,10.5,26,26,26.5,137,144.5,144
"E1W837",16,28.5,17.5,1,6.5,2.5,4.5,10.5,2,5.5,13.5,6.5,21,25.5,27,111.5,114,151
"E1W838",37,50.5,44.5,5,11,4,6.5,17.5,3,8,19,8.5,35,46.5,33,178.5,215,248
"E1W839",44.5,46,26.5,4,7.5,2,4.5,8.5,4,3,12,12,11,20,19.5,67,80,92
"E1W840",26,31,46,5.5,10,1,6,12,12.5,7,21,11.5,11,23,16.5,72,63.5,94.5
"E1W841",31.5,43,64,4,3.5,4.5,13,15.5,4,13,31.5,17.5,40.5,44.5,46.5,105.5,106,138
"E1W842",80,94.5,91,10.5,4.5,0.5,12.5,8.5,5,10.5,13,10,32,28.5,24,106,120,125.5
"E1W843",131,143.5,121.5,7.5,10,2.5,12.5,19.5,8.5,11,14.5,22.5,51,75.5,52,149.5,169,209.5
"E1W844",14,13,20,1.5,0.5,4,2,6,0,2.5,5.5,7,9.5,20,17.5,71.5,83,76.5
"E1W845",13,14.5,21.5,2,0,0,2,3,1.5,2.5,5.5,4.5,10,8.5,16.5,52,57,74
"E1W846",5.5,9,5.5,0.5,0,0,1.5,2,1,2,2,0.5,3,6.5,9.5,37,45,60
"E1W847",1,4,2.5,0,1,0,0.5,3,0.5,0.5,1.5,0.5,2,7,6,45.5,43.5,39
"E1W851",13.5,17.5,17,0.5,4.5,0.5,3,6,2,5.5,6.5,4.5,14.5,18,22,82,101.5,129.5
"E1W852",14.5,18.5,20,1.5,5,2.5,2,6.5,3.5,7,2.5,6,9,19,11.5,37,43,60
"E1W853",6,14.5,11.5,4,0.5,0,3,4,2.5,2.5,4.5,1,9,9.5,7.5,55,56,53
"E1W855",5.5,11.5,7,1,1.5,0,0.5,1.5,1,3.5,2,1,4.5,5,5,18.5,15.5,29
"E1W856",83,113.5,80.5,3,7,0.5,8,8,4,8,18.5,7.5,35,43,35.5,177.5,220.5,254
"E1W857",15,19.5,11.5,3.5,2.5,1,3,4,2,4,4.5,5,15,17,18,73,70.5,105.5
"E1W858",100,128.5,95,10,14.5,9,21,40,16.5,14.5,27.5,28.5,68,67,57.5,239.5,275.5,331.5
"E1W859",21,17.5,17.5,3,3.5,1.5,4.5,9,4,5.5,10,8,18,26.5,12.5,63,60,69
"E1W860",13,14,9.5,0.5,2,0,1.5,4.5,1,2,3,3,4,10,8,25.5,41.5,50
"E1W861",22,26.5,33.5,3,5.5,0.5,4.5,5,4.5,4,7,4.5,28.5,35,39,177.5,181,254.5
"E1W862",65.5,81.5,87,7.5,15,3,18,31.5,12,26.5,39,28,100,104,93.5,671.5,696.5,844
"E1W863",171.5,203,297.5,10,16.5,6.5,21,45.5,16,13,23.5,21,64,79.5,82.5,307.5,419.5,495.5
"E1W864",25,32.5,51.5,0.5,6.5,0,3.5,2.5,4,2,2,2.5,9.5,18,7.5,30,17.5,35.5
"E1W865",33,34,38.5,4,6.5,1,6,12.5,8.5,3,10,7,13,15.5,21,51.5,43.5,60
"E1W866",42.5,48.5,47,5,5,1,5.5,8.5,5.5,4.5,9,5,18.5,30.5,19.5,81.5,88.5,115.5
"E1W868",3,5.5,9.5,1,1,0,0,3,5.5,3.5,6,3,7,18,17,80.5,91.5,100.5
"E1W873",5,10.5,1.5,3,0,1,3,4,1,0.5,3.5,2.5,8,4.5,6,25.5,29.5,51.5
"E1W874",31,56.5,39,3,1.5,4.5,7,12,7.5,9.5,18.5,11.5,34.5,43.5,37.5,187.5,193,232.5
"E1W875",25.5,31.5,22,2.5,2,2,5.5,6,2.5,3.5,9.5,9,13,11.5,17,87,75.5,94
"E1W876",141,193.5,110,15.5,26,8,29,65,16,14.5,47,43,121.5,142.5,159.5,909,1079,1041.5
"E1W877",10,10.5,15.5,3.5,0,1.5,1.5,5,0.5,6.5,6,6,21,35.5,32.5,277.5,306.5,334.5
"E1W878",8.5,17,14,2,2,0,2,1.5,0.5,1,4,2,11,9.5,13,80,97.5,121.5
"E1W879",17,21.5,31,3,3,0,1,3,1.5,5.5,5,2,18,18,17,107,139.5,127.5
"E1W880",17.5,24,18,2,6,0.5,7,7,1,6,4.5,9.5,16.5,19,22.5,115.5,132,150
"E1W881",56,55.5,60,18.5,23.5,11,48.5,75.5,18.5,17,61,50,197,249.5,313.5,2041,2245,2430
"E1W882",8.5,12,7,1.5,4,0,6.5,10.5,3,8,17,8,34,36,44,243,239,301.5
"E1W883",51.5,69,30.5,19.5,23,8,22.5,41,5.5,19,40,45,47.5,52,51,122.5,126,142.5
"E1W884",22.5,26.5,19,24.5,26,19.5,39.5,48.5,25.5,36.5,73.5,55.5,70.5,91,85,135,145,188.5
"E1W885",34,42.5,64,1,8,0.5,15,23.5,7,19.5,42,24,45.5,45.5,34,113.5,122.5,153.5
"E1W886",31.5,32.5,45,1,5,0.5,4,12,4.5,7,20.5,11.5,25,21,25,119,143.5,210
"E1W887",115.5,138,114,8,19,4,15.5,23.5,8,8.5,26.5,15,44,46.5,38.5,147.5,168.5,181
"E1W888",509.5,695.5,709,77,105.5,14.5,137.5,231.5,38,88,224,111.5,590.5,623.5,594,3376,4105.5,4135.5
"E1W889",395,517.5,443,62,91,25.5,111,174,43,73.5,177,95.5,397.5,457.5,452.5,2447,2672,2506
"E1W890",40.5,85.5,87,9,9,2,8.5,21,6,12,19.5,16,60.5,73.5,60,315.5,343.5,384.5
"E1W891",158,180,169.5,19,23.5,7.5,32,63.5,13.5,22,47.5,35,97.5,128.5,123.5,464,560.5,510.5
"E1W892",34.5,47,47.5,4,3,1,4,10,3.5,4.5,19,16,35,42.5,41.5,143.5,154.5,197
"E1W893",81.5,127.5,137,9,15.5,9.5,14,29,15.5,11,33.5,29,66,76,68.5,270.5,310.5,328.5
"E1W894",70,90,121,7,9,8,14.5,21.5,7.5,13.5,27,28.5,57.5,72.5,67.5,241.5,265.5,384
"E1W895",179,346,200.5,18.5,27,14.5,39,68,35.5,50,93.5,89.5,170,211,178,639,759,918
"E1W896",268.5,343,357,46,69,21,81,152.5,57.5,127,268.5,131.5,322.5,432,256.5,885,966,1068.5
"E1W897",179.5,239,230,78,109.5,22,125.5,228.5,54,130,229,173.5,239,276,178,341.5,394.5,369.5
"E1W898",144,214.5,200,30.5,51,9,60,103,42,95.5,207,124.5,179,204,151.5,423.5,467.5,473.5
"E1W899",92,114.5,116,10.5,27,4.5,20,43,23.5,24,49.5,50,81,87,63.5,239.5,257,282.5
"E1W8A0",90.5,114,162.5,15.5,18,10,30,43,19.5,34,59.5,41.5,94.5,125,80,272,299,319
"E1W8A1",73,74,61.5,7,4,2,6.5,23,3.5,9,19,16,36,31.5,30.5,118.5,122,165.5
"E1W8A2",39.5,44.5,34,4,5.5,3.5,9,21.5,3,18.5,20.5,13,26,26.5,19,120.5,157.5,100.5
"E1W8A3",147,196,199,11.5,32,6,45,76.5,23.5,36.5,68.5,71.5,135,136,128.5,531.5,570.5,673.5
"E1W8A4",54.5,69,77.5,10,8.5,0.5,6.5,26,5.5,14.5,26.5,12.5,45.5,60,38,191,214.5,204.5
"E1W8A5",17,24.5,26.5,0.5,2,3,7,6.5,2.5,4,6.5,6,21.5,21.5,18.5,118.5,128.5,127
"E1W8A6",16,29.5,25.5,1.5,7,1.5,3.5,4,5,5.5,28.5,6.5,12.5,15,10.5,35.5,50,61
"E1W8A8",12.5,22.5,28,0,0.5,1,0.5,4.5,0.5,3.5,5,1.5,9,11,8,48.5,59,60
"E1W8A9",25,28,17,10.5,13.5,8,9,20.5,8,5,25,20,25,35,30,111.5,133.5,140
"E1W8B0",40.5,57.5,37.5,7,11.5,6,10,15,5,5,17.5,20.5,25.5,37.5,28,98.5,121,111
"E1W8B1",12,9,15,7,7,2.5,9.5,15,2.5,3.5,11.5,8.5,11.5,16,15.5,35.5,47,59
"E1W8B2",5,5,12,0,3,0,4.5,6.5,0.5,2.5,8.5,2.5,4,14,7.5,25,28,45.5
"E1W8B3",18.5,30,22,1.5,2.5,2.5,3.5,2.5,4.5,5,10,6,17,22.5,22.5,74.5,82,107
"E1W8B4",73,94.5,126,7.5,7.5,1,14.5,17,6.5,12.5,30,13,39.5,55.5,33.5,138.5,177.5,197
"E1W8B5",19.5,13.5,16.5,0.5,0.5,0.5,4.5,4,2,1,4.5,2,5.5,9,5,24,39,44.5
"E1W8B6",27.5,37.5,36.5,0.5,3.5,0.5,3,6.5,1,7.5,4,5,9,12.5,11.5,88,66,63.5
"E1W8B7",83.5,99,91,7,11.5,6,15.5,27.5,4.5,14.5,27.5,13.5,37.5,46.5,42,127.5,127,161
"E1W8B8",20,17.5,26.5,1.5,2.5,4,4,7.5,0.5,1.5,5.5,4,14.5,13,10.5,44,63.5,57.5
"E1W8B9",19.5,25.5,31,1,3,3,2,3.5,1.5,3,7.5,3.5,19,26.5,40,191.5,206.5,236.5
"E1W8C0",14,13,16,0.5,4.5,0,2,4.5,0.5,4,8.5,0.5,13.5,14.5,14,51,74,65.5
"E1W8C1",9,11.5,8,1.5,1.5,0,4,2,0.5,2,2,0,15,18.5,31.5,94.5,93,117
"E1W8C2",7,8.5,2.5,0,2,0,0,5,1.5,0.5,1.5,2,5.5,1.5,5.5,27,23.5,32.5
"E1W8C3",1,1.5,2,0.5,0,0,0,2.5,0,0,2.5,1,4,3.5,6.5,30,31,39.5
"E1W8C4",32,37.5,25,2.5,5,1.5,4,13,1,11,17,7,31,45,18.5,148.5,153.5,107
"E1W8C5",8,10,15,1,0.5,0,1.5,0.5,1,3,3,3,3.5,6,13,43.5,60.5,75
"E1W8C6",579.5,781,641.5,36.5,50,25.5,82.5,157.5,59.5,98.5,144.5,90,366.5,426,377.5,1975,2218,2332.5
"E1W8C7",16.5,20.5,18.5,2.5,1,0,2.5,2.5,2.5,3.5,4.5,26.5,10,11,18.5,31,30.5,45.5
"E1W8C8",15.5,12.5,17.5,0.5,1.5,0,3,1.5,2.5,0.5,3,4.5,9.5,9.5,8,36,37,49
"E1W8C9",18.5,16,18.5,5,3.5,0,1.5,7.5,4,0.5,4.5,2,5.5,9.5,7,30.5,28.5,34
"E1W8D0",15,15.5,16,1,0,0,4,7.5,5,2.5,5.5,7,8,11,11.5,53.5,62,79.5
"E1W8D1",4,10,5,0,1.5,0,0.5,2.5,1,0,3,0,2,4.5,2.5,17.5,19,32
"E1W8D3",3.5,6,2.5,0,1.5,0,4,0.5,1.5,0.5,0.5,1,5.5,4,5,18,24,33.5
"E1W8D6",0.5,4,7,0.5,0,0,3,3,0.5,0.5,1,0.5,1,4,2.5,21.5,17,23
"E1W8D8",0.5,2,0.5,0.5,1.5,0,0.5,1,0,0,0.5,0.5,1.5,1,2,11.5,15.5,13
"E1W8D9",1,4,3.5,0,1,0,0.5,2,0.5,0,2,0,3,7,4.5,26.5,34,40
"E1W8E0",1.5,0.5,1.5,1,21.5,0,1,11,0,0.5,2,1,1,12.5,1,16,14,19
"E1W8E1",2.5,0.5,1,1,0,0,0,0.5,0.5,0,0,0.5,0.5,1,2,6.5,8,8
"E1W8E2",1.5,3,4.5,0,2,0,0.5,4,0.5,1.5,2.5,5.5,2.5,2.5,4.5,31.5,45.5,48
"E1W8E4",34,30,69,3.5,8,10.5,5.5,12.5,14,47,118.5,31.5,152.5,182,123.5,450.5,526,597
"E1W8E6",6.5,4.5,9.5,0,2,0,0.5,6,3,3.5,7.5,3.5,20.5,17.5,13.5,78.5,88.5,74
"E1W8F0",5,12,7,0,0,2.5,0.5,1,0.5,0.5,7,2,12.5,8,15.5,58,67.5,102.5
"E1W8F6",28,18.5,16.5,1.5,4,4.5,1.5,9,2.5,6,4.5,6.5,34.5,33.5,42,198,221.5,302
"E1W8F7",2.5,6,2.5,0.5,2.5,0.5,1.5,0.5,0.5,2,8,0.5,7.5,16.5,15,138.5,130,140.5
"E1W8F8",9.5,5,2.5,0.5,4,0,2.5,0.5,1,0.5,2.5,0.5,8,5,11.5,63,90.5,88.5
"E1W8G0",0.5,4.5,0.5,0,0.5,0,0,2,0,0.5,0,0,2,0,4,17.5,29.5,41
"E1W8G3",8.5,10,9,7.5,8,16,33.5,48.5,13.5,16,45,26.5,24,17.5,30,102,113.5,108
"E1W8G4",1.5,2,0.5,2,0.5,0.5,4,4,2.5,4.5,8.5,1.5,4.5,8,7,37.5,40.5,46.5
"E1W8G5",11.5,10.5,12.5,3.5,2.5,60,19,43.5,4,24,38,13.5,29.5,26,38.5,157,171,235
"E1W8G6",2.5,5.5,2.5,0.5,2,1.5,8,8,2,4,5.5,8,6,11,10,46.5,39.5,65
"E1W8G7",2,1.5,2.5,1.5,3,1,6.5,8,3,9.5,22,12,11,19.5,18.5,56.5,74,84
"E1W8G8",19.5,35.5,24,2.5,7,5,14,22.5,6,5.5,12.5,16,14.5,14.5,12.5,57,63.5,92.5
"E1W8G9",9.5,6,3,13.5,20.5,0.5,23.5,40,11.5,11.5,47,46.5,37.5,40.5,35.5,37,56,51
"E1W8H0",1.5,6,2.5,37.5,43,23,60,75,48.5,70.5,139,75.5,118,129.5,83,67.5,79.5,80
"E1W8H1",5,6,9.5,5,10.5,6,25,25,10,11.5,22.5,28.5,28,24.5,39.5,40,53,57.5
"E1W8H2",19.5,28.5,23,1.5,12,2,3,6,7,6.5,14,10,16,19.5,27,94.5,103.5,104.5
"E1W8H3",18,19.5,13.5,22,26,16,23,48,15,47,100,47.5,164,212,142.5,289,342.5,352.5
"E1W8H4",40.5,51.5,52,6,5,3,12,16,8,8,15.5,6,23.5,19,23,80,91.5,87.5
"E1W8H5",20,25,29.5,2,2.5,3,1.5,10.5,3,8,8,11.5,19,19.5,18.5,76,78,82.5
"E1W8H6",27,13.5,16,1.5,2,0,6,6,1,6,12.5,6,14,17.5,23,94.5,104.5,110.5
"E1W8H7",5,14.5,19,4.5,6,1,5,5.5,5.5,4.5,6,18.5,31,28,45,273.5,284.5,368
"E1W8H9",4.5,6.5,5,1.5,3,1.5,4.5,4.5,2.5,1.5,7,5.5,35.5,51.5,53.5,384.5,379.5,444
"E1W8I0",76.5,99.5,81.5,19,17.5,11,22,55.5,12,29.5,67.5,40,77,104,70,198,244.5,270.5
"E1W8I1",17.5,31,17.5,1,0,1,4,5,1,1.5,4.5,3.5,12,21.5,20,97,110.5,124.5
"E1W8I2",18.5,22.5,22.5,4.5,3,0.5,0.5,6.5,3,2.5,8,13,14,19,14.5,88.5,108,122.5
"E1W8I3",24,30.5,30,1,5,1,3.5,6,2,4.5,5,6.5,13.5,27,25,76,83.5,103
"E1W8I4",5.5,8,4.5,3,4,1.5,6,6,1,4.5,10,7,20,18.5,16,37.5,64,72
"E1W8I5",58,63.5,64.5,10,5.5,4.5,16.5,31.5,7.5,12.5,36,23,46,55,55,166.5,157,169
"E1W8I6",56.5,96.5,193,8,5.5,1.5,7,10.5,6,19.5,47.5,9,66,54.5,71,584,481.5,237.5
"E1W8I8",7.5,8,5.5,8.5,5.5,2,5.5,7,1.5,5,10.5,12,15.5,15,33.5,44.5,56.5,48
"E1W8I9",2,1,0.5,0.5,1,0,2,0.5,0,1,1,2,2,0.5,1.5,19.5,19.5,20.5
"E1W8J1",2,1,2.5,0,0,0.5,0.5,0,0.5,0.5,0,1,1.5,1.5,2,18.5,29.5,31
"E1W8J3",5.5,3,5,2,0,0,1,6.5,1,1,10,4,5.5,2.5,4.5,28,36,40.5
"E1W8J4",7.5,17.5,14.5,3,1,0,1,7,1,1.5,6.5,5,9,10,11.5,42.5,59.5,81.5
"E1W8J7",7.5,4.5,2,0,2,0,0.5,1,5,0,1.5,0.5,2.5,9,4,27.5,29,33.5
"E1W8J8",4,4.5,4,0.5,0.5,1.5,3,1,1.5,0.5,2.5,0.5,2,8.5,5,33.5,36.5,49.5
"E1W8J9",9,11.5,5.5,0,2.5,8.5,2,5.5,1.5,2,9,4,10,9.5,15.5,86,76.5,115.5
"E1W8K2",19,27.5,14.5,4.5,2,0.5,4,5,2.5,2.5,6,10.5,3,3,5.5,20.5,43.5,45
"E1W8K3",16,11.5,6,0,4.5,1.5,1,8,1.5,0.5,2.5,5.5,2.5,5.5,5,34,35.5,42.5
"E1W8K4",13,21,10.5,1,0.5,0.5,0.5,6,0.5,3,4,2,7,8,13,59.5,65,82.5
"E1W8K5",11.5,8.5,10,3,1,0,4,6.5,1.5,3.5,3.5,2.5,10,10.5,18,79,104.5,97.5
"E1W8K6",5.5,8.5,5,1,0.5,0,1,2,0,0.5,1.5,1.5,5,5,3.5,42.5,58,61.5
"E1W8K8",0.5,5,0.5,0,0.5,0,0.5,0.5,0,0,0.5,2,4.5,1.5,5.5,24,32.5,43
"E1W8L1",8,5,11.5,1,0,1.5,1,1.5,0,4,9.5,0,19,24,20,98,125.5,134
"E1W8L2",7,4.5,3.5,0,1.5,0,0,4,1,1,2,0,7,2.5,6,56,55.5,68.5
"E1W8L4",1.5,4,2.5,0,0,0.5,1,0,0,0.5,6,0.5,5,1,3,38,28.5,43.5
"E1W8L7",7,4.5,4.5,3.5,2.5,0.5,2.5,3.5,4,3.5,6.5,8.5,12.5,15.5,14,51.5,58,41
"E1W8L8",44,45,38.5,5,5,3.5,6,7,4,4.5,11,8,18,25.5,18.5,76.5,79,94
"E1W8L9",48.5,43.5,54,2,4,2,8,12.5,6.5,8,17,9,23.5,37,29.5,122.5,143,154
"E1W8M0",11.5,9,9.5,2.5,1,0,1,3,1.5,3,8,4.5,3.5,5,3,8,9.5,15.5
"E1W8M1",7,4,15,1,5.5,0,0.5,3,3,2,3.5,188,11,6.5,10.5,33,44.5,60.5
"E1W8M2",6.5,12,12,0.5,1.5,0,2,1.5,1.5,0,5.5,5,12,13,16.5,48,42.5,61.5
"E1W8M3",5,4,3,0.5,0,0,0.5,0,0,0,0.5,3,2.5,2.5,4,20.5,8.5,14.5
"E1W8M4",34,53.5,41,5,13,3.5,11,15.5,8.5,2,4,10,23.5,33.5,40,115,146,194
"E1W8M5",9,14.5,10,0.5,1,0.5,4.5,5,2.5,6,6,3.5,16.5,19,18.5,124.5,120,140
"E1W8M6",3.5,7,6,0,2.5,1.5,3,5,3.5,6,6,8,11,11.5,10.5,39.5,48,53.5
"E1W8M7",4,6,9.5,2.5,2,1.5,3.5,11.5,4.5,3.5,10,4,7,8.5,11.5,16,19,22.5
"E1W8M8",5,0.5,1.5,0,3,0,2,3.5,5,2,4.5,3,6.5,8.5,3.5,25.5,36,41
"E1W8M9",7.5,21,4,1.5,6.5,0,6.5,5,2,14.5,22,0,74.5,80,8.5,325,468.5,29.5
"E1W8N0",1,5,1.5,0,1,0,0.5,2,0,0.5,0.5,0,3.5,2.5,6.5,19.5,21.5,19
"E1W8N1",2,6.5,2,0.5,3.5,0,3,1,0,0,2.5,3.5,8,0,6,17,30.5,26
"E1W8N2",12,9,3.5,2,7,0.5,6,4,3,0,1.5,2,18.5,6.5,37,58,63.5,39
"E1W8N3",65.5,81,92.5,7.5,11,1.5,10,23.5,5.5,11,18.5,25,37.5,28,31,121,125,146.5
"E1W8N4",49,68.5,47,9.5,14.5,3,15,32,9.5,21,31.5,17.5,68,64,74.5,360,408.5,443.5
"E1W8N6",9,11,10,2.5,2,0,3.5,7.5,1.5,4.5,6,4,15.5,12,14.5,86.5,81,108.5
"E1W8N7",10.5,16.5,22.5,1.5,1.5,0.5,2,3.5,2.5,3,4,2,16,21.5,24.5,78,87.5,101.5
"E1W8N8",21,14.5,12,0.5,4.5,0,2,8.5,2,14.5,11,5.5,28.5,27.5,19.5,129.5,373,96
"E1W8N9",11,6,10,3,4,0.5,4.5,4.5,1.5,6.5,11.5,5,20,24,11,65.5,73,99
"E1W8P0",13,13.5,10,2.5,4.5,5.5,5,12.5,4,8,13.5,12.5,18.5,32,29.5,46,43.5,58.5
"E1W8P1",35.5,57.5,60,3.5,4.5,2,10.5,17.5,8.5,12,30,23,59.5,64,54.5,261.5,315.5,251.5
"E1W8P2",1.5,1.5,4,0,0,1.5,0.5,4,1.5,3,2,2,2.5,4,8,14.5,19.5,27
"E1W8P3",10,5,7,0,2.5,0.5,0.5,2,0.5,1.5,1.5,34,3.5,6.5,4,19,21.5,22
"E1W8P4",11,9,5.5,7,15.5,0.5,19,42.5,16.5,26.5,55.5,26,44.5,49,21.5,34,46,44
"E1W8P5",4.5,6.5,6,1.5,3.5,0.5,4,10,0.5,2,11.5,7.5,4.5,11.5,11,17.5,16.5,32
"E1W8P6",9,12,5.5,1.5,1.5,2.5,5.5,9,2,6.5,4,4.5,13,14,18,52.5,45.5,69
"E1W8P7",32,31.5,42.5,4,4.5,4,10.5,16,3.5,7,17,9.5,32,33.5,32,123.5,119,158.5
"E1W8P8",7.5,8.5,6,0,3,0,2.5,2.5,1.5,0.5,3,4.5,5.5,6.5,3.5,22.5,23.5,40.5
"E1W8P9",34,45.5,56.5,2,3,0,5,6,4,1,8,4,10.5,14.5,13.5,73.5,64.5,95.5
"E1W8Q0",60,71,37,4,7,2.5,13,21,2,9,20.5,12.5,34.5,34.5,36,129,127.5,127.5
"E1W8Q1",27,42,31.5,6,4.5,0.5,9,16.5,7,20,32.5,16.5,20,32.5,21.5,95,89.5,111.5
"E1W8Q2",30,45.5,56.5,1,3,4.5,2.5,6,2.5,2,7.5,5.5,17.5,24.5,21,70.5,61.5,92.5
"E1W8Q3",24,30.5,26.5,1,3.5,1,5.5,4.5,2,4,11,4,16.5,21,23.5,109.5,112,137.5
"E1W8Q4",5,3,2.5,1,1,0,0.5,1,0,1,2.5,1.5,5,8,3.5,31.5,32,32
"E1W8Q5",6,9.5,8,3,5,1,1.5,7,1,4.5,3.5,7,10.5,15,11,32,37.5,63
"E1W8Q6",24.5,20.5,21.5,0.5,1,3.5,6.5,9.5,2,4.5,12.5,7,21,27,12.5,90.5,98,110
"E1W8Q7",10.5,14.5,16.5,1,1.5,0,4,1.5,2.5,1,6,3,9.5,7,9,44.5,44,67.5
"E1W8Q8",21,28.5,25,14.5,23.5,19.5,19.5,30,15,16,37,37.5,53.5,57.5,41,130,128.5,169
"E1W8Q9",11,9,16,7.5,9,4.5,11,23.5,7.5,13.5,27,15.5,33,44,28.5,106,107.5,155.5
"E1W8R0",222,298,299.5,9.5,11.5,2.5,17,22,12.5,19,42,29,74.5,98.5,111.5,332,357,517.5
"E1W8R1",55,76.5,73,4,5,3,3.5,13,3,8.5,14.5,8,26,27.5,28.5,98.5,117.5,147
"E1W8R2",13,21.5,15.5,0,2,3.5,3,3,1,2,5.5,4,6.5,10,8,58,65,85
"E1W8R3",24.5,43.5,48,22,34,18,42.5,85,36,64,142,55,168,242,223.5,662.5,755.5,849.5
"E1W8R4",14,18.5,13,3.5,2,0.5,2.5,2.5,1.5,1,2,0.5,12,15,6,26,28,43.5
"E1W8R5",32,37.5,27.5,2,1,1,5,3,6,5.5,8,7,15.5,17.5,19.5,106.5,127,162
"E1W8R6",66.5,78,84.5,5.5,10.5,3,8.5,21.5,5.5,9,22,15,46,49,55,256.5,266,325
"E1W8R7",73.5,76,98.5,8,6,0.5,9,19,7,16,22,10,44.5,56.5,42,192,221.5,221.5
"E1W8R8",108.5,155,128.5,13,12.5,5.5,27.5,33.5,12.5,31.5,61.5,34,88.5,110,87.5,370,405,462
"E1W8R9",108,147,127,12.5,12.5,5,23.5,41,15,29,67.5,36,108.5,112.5,79.5,285,347,359
"E1W8S0",6.5,8,6.5,1.5,1,1.5,2.5,5,4.5,1.5,7,3,5.5,8.5,7.5,21,24.5,29
"E1W8S1",7.5,5,4,2,2.5,0,3.5,2,1,1,4,3.5,7,6,5,32.5,24.5,31
"E1W8S2",18,19,18.5,0.5,1,1,3,8,1,2.5,2,5,6.5,11.5,10,43,39,60.5
"E1W8S3",27,19,29.5,3,1.5,5.5,4.5,7.5,3,3,8,6.5,8.5,13,8.5,24,27,50.5
"E1W8S4",5,7,5,0,0,1,0,1,0.5,0.5,1,3.5,1,2.5,3.5,16.5,11,20.5
"E1W8S5",14.5,25.5,20.5,11.5,6,5,24,55.5,12,6,43,28,36,66,52,149.5,194.5,176.5
"E1W8S6",10,20,12.5,15.5,14.5,11.5,28.5,62,20,53,90,42.5,100,130.5,91,205.5,247,252.5
"E1W8S7",33.5,32,43,9.5,14,2,23,52.5,12,26,55,31.5,94.5,109.5,99.5,338.5,365.5,457
"E1W8S8",33.5,32.5,49.5,22.5,24.5,4,30.5,61.5,21,22.5,66.5,56.5,99,129.5,136,431.5,446,608
"E1W8S9",21.5,19.5,18,2.5,2.5,2,8,9,3,12.5,21,13,36,49.5,35.5,221.5,213,247.5
"E1W8T0",12,17.5,16.5,2.5,4,0,2,7,3,5.5,15,9,27,32,17.5,86,104,148.5
"E1W8T1",8.5,22,21.5,1,3,1.5,5.5,6.5,1.5,5,12.5,10.5,21.5,27.5,23.5,62,76.5,92
"E1W8T2",51.5,51.5,63,2.5,6,4,16,20.5,8,17,37.5,16,43,52,38,126.5,132.5,145.5
"E1W8T3",36.5,60.5,42,6.5,6,2.5,8,24.5,5,13,24,14.5,41,46.5,45.5,226.5,247.5,231.5
"E1W8T4",11.5,16.5,13.5,2,1.5,0,3,5,2,2.5,5.5,5.5,9,8.5,9,32.5,41.5,63
"E1W8T5",31.5,61.5,75.5,2,6.5,1.5,6,12,2,6,11.5,6.5,30,32.5,22.5,138,128,156.5
"E1W8T6",6,5.5,6.5,2.5,0.5,0,2.5,2,1.5,1,1,1.5,7,5,4.5,41,40.5,59.5
"E1W8T8",1.5,0,3,1,2.5,0.5,1.5,0,1,0.5,1,3.5,3.5,8,5.5,31.5,46.5,48.5
"E1W8T9",3,3,3,1,1,1,2,3,2,2.5,2,0.5,8.5,10.5,6,37.5,43.5,40.5
"E1W8U0",1.5,4,5.5,0,1.5,1,0,0,1,2,3,1,3,6,8.5,37,45,63.5
"E1W8U1",1.5,0,1.5,0.5,1.5,1.5,0,1.5,1,0,3,0.5,1.5,4.5,3.5,15,13,20.5
"E1W8U3",6,6,8,0.5,2,0,0,1.5,0.5,1.5,3.5,2,3,6.5,8,22.5,24,33
"E1W8U4",14,13.5,19,3,4,0,7,4.5,3.5,6.5,10,8.5,9,14.5,12,44.5,49.5,52.5
"E1W8U5",20,41,24.5,2.5,3.5,2,6.5,6,3.5,5.5,6,6,12,18,19,96.5,119.5,111.5
"E1W8U6",26,25,23,3,2.5,0,7.5,14,4.5,7.5,17.5,12.5,20,32,28.5,125,165.5,192.5
"E1W8U7",4,6.5,3,0,2,0,0,5,0.5,1,3,2.5,10.5,12.5,13.5,119,128,138.5
"E1W8U8",5.5,9,6,0,0.5,0.5,0.5,3.5,0,0,3.5,2.5,8.5,6,19,111.5,137.5,171
"E1W8U9",106.5,145.5,187.5,10,6,6.5,14.5,31.5,11.5,20,38.5,30,55,65,61,84.5,111.5,115
"E1W8V0",38.5,71.5,80,6,5,1.5,8.5,20,6,19,23,14.5,28,40,26,36.5,45,45
"E1W8V1",50.5,65.5,89,7,9.5,2.5,9,17,6,13.5,31.5,13,40.5,60.5,24.5,38.5,48,65
"E1W8V2",228,293,343.5,24.5,30,14,38.5,70.5,13.5,58.5,107.5,54,140,168,81.5,181.5,236,232
"E1W8V3",217,288.5,260.5,24,25,6.5,34,50.5,16.5,34,70.5,43.5,96,123,64,223,252,327.5
"E1W8V4",22,18.5,26.5,1.5,3,0,1,4.5,1.5,3.5,5,2,11,8,7,35.5,39,37
"E1W8V5",12.5,17,18,1,2,0,2.5,1.5,1,2.5,3,2.5,5.5,8,6,25.5,29.5,33
"E1W8V6",20.5,28.5,27,7,4.5,0,8,9,2,7,12,7,18,23.5,18,37,49,66.5
"E1W8V7",441,477.5,618.5,42,62.5,9,52,88.5,32.5,51.5,110.5,56,166.5,200.5,182.5,854.5,954,895
"E1W8V8",92,157,148,17,10,13.5,19,31,12,8.5,30,33,51.5,56,77,185.5,204,259.5
"E1W8V9",196.5,305.5,286,35,42.5,19.5,75.5,135,45,57,145,115.5,250,295,300,939.5,1083,1118.5
"E1W8W0",149,155,154.5,46,58,18.5,90.5,131.5,41.5,85.5,173.5,89.5,210,254,195.5,509,545,586
"E1W8W1",476,634,507,55,67.5,84.5,100.5,144.5,69.5,76,125,177,196,208.5,153.5,292.5,295,342.5
"E1W8W2",68.5,85.5,66.5,10,18,8,22.5,52.5,14,55,83.5,38.5,105.5,154,97.5,658,707.5,630.5
"E1W8W4",7.5,3.5,3.5,0.5,0,1,3.5,3.5,0,1,2,2,6.5,8.5,6,26,27,28
"E1W8W5",27,24.5,19,1.5,3.5,1.5,11,9.5,3,4.5,13.5,9,17.5,18.5,18,80,103.5,108.5
"E1W8W6",8.5,14.5,10,1,1.5,1,1.5,5.5,2,5.5,7.5,2,8,16,10,64.5,59.5,72.5
"E1W8W7",9.5,18,12.5,1.5,0,0,0.5,3,0.5,1,1.5,1.5,3.5,15,9.5,38,28,44
"E1W8W8",67.5,99.5,103,5,2.5,3,1,5,1.5,1.5,2,2,5,7.5,6.5,46.5,49.5,63
"E1W8W9",28.5,38,21.5,1.5,1,0.5,4.5,13,2,2,8,5.5,22,24.5,30,147,175.5,175
"E1W8X0",38,50.5,38.5,2.5,2,1,2.5,6,5.5,3.5,11,4,36,41,36.5,250,338,382.5
"E1W8X1",44.5,53.5,88,1,7.5,1.5,7.5,12,7,32,92,14,155,155.5,141,809.5,924,977
"E1W8X3",7,7.5,7,0.5,1,2,1,3.5,1.5,4.5,7,1,30.5,19,26.5,176,205,217.5
"E1W8X4",19,19.5,26,1,1,0.5,3,5.5,1,0.5,3.5,7.5,16.5,11.5,19.5,91.5,110,131
"E1W8X5",29,47,52.5,3,1.5,3.5,7.5,12,5,9.5,17.5,14,18,25,26,45.5,58,69.5
"E1W8X6",12.5,15.5,10,0,0.5,1,1.5,1.5,2.5,4,4.5,4,5,13,11.5,21.5,28,41
"E1W8X7",27,34,19.5,1.5,3,1,8,6,4,2.5,11,7,10.5,11.5,18,87.5,94,126.5
"E1W8X8",3,4.5,0.5,62,80.5,15.5,98.5,176.5,62,85,157.5,77,112,136.5,151,231,239,204
"E1W8X9",4,4.5,5,33.5,49.5,12,65.5,99.5,38,17,52,33.5,46,75,90,121,125,142.5
"E1W8Y0",11,8,3.5,4,7.5,0,16,23.5,7,3.5,20.5,15.5,12.5,25.5,25.5,67,87,100
"E1W8Y1",18,22,18,5.5,2.5,5.5,7,11,3,4,8,10,25.5,28.5,31,171.5,189.5,232
"E1W8Y2",34,31,25.5,9,6.5,0.5,24,37,4,11,19.5,14.5,30.5,43,31.5,209.5,258,205.5
"E1W8Y3",34,35,21.5,5,10,1,15,24,4,4.5,9,9.5,25.5,25.5,28,131.5,174.5,192
"E1W8Y4",188.5,222,292.5,29,32,11,40,63.5,21,50.5,86,47.5,126,142.5,108,265.5,277.5,321.5
"E1W8Y5",98.5,109,120.5,6,14,4,26.5,30,14,26,36,21,64,70.5,74.5,259.5,309,356.5
"E1W8Y6",113,126.5,68,12,12.5,3.5,13.5,28.5,10,8.5,16,14,30.5,31,35,131.5,153,193
"E1W8Y7",84,93.5,111.5,4.5,7,1.5,6,7,4.5,7.5,19,13.5,41.5,51,46.5,257,287.5,330.5
"E1W8Y8",23.5,19.5,18,0,3,0,7,1.5,2.5,2.5,8.5,4.5,11.5,18,17,75.5,82.5,104.5
"E1W8Z0",10.5,11,9,0,1,0,3.5,5,2,1.5,4,2,9,13,12.5,61,63,65
"E1W8Z1",18,32.5,27.5,2,0,0.5,6.5,6.5,2.5,7,10,9,15.5,22,14,90,109.5,105.5
"E1W8Z2",92.5,128,122,6,5.5,1.5,16,21.5,8.5,18,24.5,21,65.5,74.5,72.5,285.5,303.5,372.5
"E1W8Z3",30,41.5,66.5,2,3,0,2.5,8.5,6,4.5,9,7,27.5,22.5,18.5,102,116,127
"E1W8Z4",28,44,32.5,0.5,6.5,0,2.5,13.5,3,5,12,9,26,35.5,21.5,109,97.5,131.5
"E1W8Z5",49.5,59.5,54.5,3.5,4,1.5,19.5,38,4.5,6,8.5,11.5,48,34,38.5,160,202.5,255
"E1W8Z6",84.5,80.5,85.5,5.5,5,2,5,11,4,12.5,19.5,9.5,41.5,48,40,278.5,269.5,276.5
"E1W8Z7",5,11.5,14,0.5,0,0,3,2,2.5,0,2,4,10,12,13,75.5,85,114
"E1W8Z8",2.5,2,3.5,0,0.5,0,0.5,1.5,0.5,1.5,0.5,0.5,3.5,8.5,7,52.5,53,56
"E1W8Z9",53,50,40,2,3,8.5,4.5,5,8,26,26,8.5,38,43,37,157.5,166,170
"E1W900",96.5,139.5,125.5,6,13.5,6,13,15,7,5,13.5,13,43.5,45,50.5,199.5,230,323.5
"E1W901",11,9,12,0,1,0,0,1,0.5,0,2,0,0.5,1.5,5,14,22,17
"E1W902",17,15.5,22,3,6,2.5,4,11.5,7,10.5,19,7.5,24,30.5,25.5,68.5,83,93
"E1W903",22.5,36.5,22.5,2.5,4.5,4,6.5,11.5,4.5,3.5,11,8.5,12.5,14,19.5,60.5,58,71.5
"E1W904",719.5,403.5,144,39,40,9,59,69,24.5,155,1117.5,185.5,584.5,1143.5,674,1710.5,2583,2181
"E1W905",2,7,1,0,1,0,0,2,0,1,3.5,0,2,1.5,7,42.5,54.5,61
"E1W906",57,81,54.5,1,0,0.5,0,2.5,2,3,7,4.5,9.5,13.5,14,64,69,87
"E1W907",16,23.5,19.5,1,2,3.5,3.5,4,3.5,4,4,4,14,18.5,13,88.5,112.5,117.5
"E1W908",13,7.5,8,1,0.5,1,1.5,1,1.5,2,5,2.5,9.5,12,12.5,63.5,72.5,82.5
"E1W909",14,14.5,19.5,7,2,0,6.5,10,2.5,3.5,14,7,11,21.5,24,97.5,103,143
"E1W911",8,9,11,0.5,1,1,1,1.5,1,1.5,1.5,1.5,5,6.5,6,31.5,30.5,38
"E1W912",18.5,20,22,5,3.5,1,4,10.5,2,4.5,9,8,13,17.5,19.5,52,62.5,64.5
"E1W913",17.5,17.5,20,2,4.5,0,4.5,1.5,1.5,5.5,8,2.5,9.5,20,8.5,29,36,36
"E1W914",28,30.5,24.5,1,2.5,1,3,9,4.5,3,10,3.5,22,27.5,33.5,164,207,229.5
"E1W915",13.5,25,16,2,2.5,0.5,3,3.5,0.5,3.5,8,4,19.5,18,33,178.5,188.5,215
"E1W916",30,38.5,50.5,2,2.5,2.5,3,6.5,6,7,12,10,21.5,45.5,54,245.5,290.5,382.5
"E1W917",12.5,10,12.5,0.5,1.5,0,0,1.5,1.5,1.5,3,4,7,6,12.5,56,73,80.5
"E1W919",15,16.5,21.5,1.5,0,0,0.5,0,0.5,0,1.5,3.5,6,2.5,5.5,17,18.5,27
"E1W920",14,16.5,11.5,0.5,0,0,0.5,1.5,0.5,0,1.5,1.5,5,3,6.5,34,42.5,51.5
"E1W921",21.5,27.5,17,1,1,3.5,4.5,8.5,0.5,7.5,7.5,5.5,16.5,24.5,19,156,166,168
"E1W922",3.5,2.5,2,0.5,1,0,1,0.5,0.5,1,0,0.5,5,5,4,53.5,60,53
"E1W923",1.5,1,5.5,2,0.5,1.5,2.5,4,2,0,4,5,9,12.5,2.5,16,31,15.5
"E1W924",15.5,19,22,0.5,1,0.5,5.5,4,5,4,2.5,3.5,14,15.5,16.5,57.5,75.5,80
"E1W925",2.5,5.5,2,0.5,0,0,2.5,0.5,1,5,2,2.5,3.5,7,3.5,16,26.5,26
"E1W930",3,1.5,1,0.5,1,0,0.5,0,0,1.5,1,1.5,2,3.5,4,32.5,28,49
"E1W931",0.5,1.5,1.5,0,0,1,0,0,1,0,1,0,3.5,2,1,11,19,15
"E1W933",5,12.5,12.5,1,0.5,0,1.5,5,1.5,1,0,1.5,7,7.5,5.5,25.5,29,41.5
"E1W934",1.5,2.5,2.5,0,0,0.5,0.5,2,0,0.5,0.5,1,1,3,3,17.5,14.5,22
"E1W936",1,1.5,0.5,0.5,0,0.5,2,2.5,0.5,1.5,1.5,1,5,6.5,5.5,21,24.5,26
"E1W940",44,57,66.5,7.5,2.5,2,11.5,17.5,4.5,14,25.5,13.5,42,38,33,191.5,195.5,209
"E1W941",14.5,15,15.5,1,0,1,1.5,4.5,1,2.5,7.5,1,8,9,11,50.5,59,78
"E1W942",17.5,24.5,14.5,1,4.5,0,4.5,2.5,1,2,3.5,3,7,14.5,6,28.5,30.5,30
"E1W943",60.5,68,57.5,9,12.5,8,13.5,17,8.5,11.5,24,19.5,47,45.5,31.5,91,101,138
"E1W944",80.5,103.5,91,5.5,5.5,0.5,11,16.5,8,7.5,21,16.5,36.5,47.5,41.5,164,212.5,241.5
"E1W945",8,14.5,7,1.5,0,0.5,2.5,3,0.5,0.5,2.5,3.5,3.5,6,7.5,32,31,36.5
"E1W946",3.5,4.5,4,0,0,0.5,0.5,0,0,1,0,0.5,1,4,1.5,11,15,15.5
"E1W948",11.5,16.5,11.5,1,2.5,1,2,1,1,1,6,3.5,9,12.5,8.5,47.5,41,45
"E1W949",57.5,57,52.5,7.5,6,1.5,7.5,11.5,3.5,9.5,20,14.5,27.5,43.5,40.5,179,177.5,182.5
"E1W956",26.5,37.5,27.5,0.5,0.5,0,1.5,0,11.5,5,29.5,14,44.5,50.5,51,226,236,368.5
"E1W957",3.5,5.5,2.5,0,1,0,0,1,0,0,0.5,1.5,0.5,2.5,0.5,19,18,21.5
"E1W959",0.5,2.5,1,0,0.5,0,0,1.5,1,1,0.5,0,4.5,2.5,1.5,21,23.5,17.5
"E1W960",1.5,9,8,1,1,0.5,0,1,0.5,0,2.5,0.5,2,4.5,6.5,25,29.5,29.5
"E1W961",2.5,4,3.5,0.5,0,0,0,1.5,0.5,0,0,0.5,0.5,1,3,12,19,12.5
"E1W962",1.5,2.5,3.5,0,0,0.5,0.5,0.5,0,1,0,0.5,1.5,2,3,6.5,17,13.5
"E1W964",2.5,6,2,0,0,0.5,0,0.5,0.5,0.5,1.5,1.5,4,6,6.5,37.5,42,49.5
"E1W968",23.5,20.5,22.5,0.5,3,0,2,6,1.5,3,6,2,9.5,8.5,8.5,59,77.5,91
"E1W969",32,47.5,29.5,5,5,0.5,4,19,3.5,9.5,12.5,9,32,43,31,210,248.5,277.5
"E1W970",17.5,18.5,23,0.5,7,2.5,1.5,10,2,2.5,9.5,2.5,8.5,13.5,14,74,63.5,89
"E1W971",10,7,6.5,18,17.5,8.5,18.5,40.5,17,36,66.5,12,51.5,53.5,46,92,117.5,132.5
"E1W972",5.5,7,6,5,8,0.5,9,7,2.5,12.5,16,5,19.5,18.5,20,83.5,93.5,96
"E1W978",1,0.5,1.5,0.5,0,1.5,1.5,0,0.5,0.5,0,0,1,2,3,3,5.5,6
"E1W979",7.5,6,8.5,1.5,1,0,2,6,1,2,10,5,10,15.5,10,26.5,24,29
"E1W980",3,5.5,3.5,1.5,0,0,0,1,0.5,0.5,4,2.5,4,2.5,5,20.5,20,24
"E1W981",16,18.5,8.5,1.5,1.5,0,1.5,8.5,0,13,9.5,6,17.5,17.5,12,102,85,87.5
"E1W982",3.5,2.5,4.5,0,1,0,1.5,0,0.5,1,2.5,0.5,9,5.5,9.5,57.5,79,109.5
"E1W984",1,5.5,6.5,2,1,0,6,3.5,3,3,5,3,12,11,12,57,66,93
"E1W985",5.5,8.5,8.5,2.5,1,0,1.5,4.5,3,0.5,2,3,9,9.5,10.5,51.5,59,65.5
"E1W986",56.5,67.5,60.5,17.5,13.5,1,10,41,14.5,7.5,11,14,55,73.5,60.5,254,280.5,374.5
"E1W987",59,76.5,98,5,4.5,7,7,17.5,11,3.5,7,13,45,54,63,349,381,510.5
"E1W988",16.5,26.5,10,2.5,1,1,2.5,3,1,6.5,22.5,1,25.5,27.5,6.5,109.5,142.5,72
"E1W989",154,109.5,40,13,17.5,7.5,28.5,47.5,19.5,119,107.5,21.5,195.5,286.5,105,740,932.5,572
"E1W990",25,37,18.5,0,1,0,4,4.5,0.5,3,7.5,3,24.5,31,20.5,96,120.5,130.5
"E1W991",25.5,27.5,25,0,0.5,0,1,1.5,2.5,0.5,4.5,4,9.5,11.5,13.5,73.5,68,93
"E1W992",28.5,50,35,1.5,1.5,1,2,2,2,0,2.5,2.5,8.5,7.5,18,56,60,94.5
"E1W993",72.5,85,70,3.5,3,3,2.5,7.5,3.5,0,5,8.5,20,13,32.5,109,110.5,142
"E1W994",51.5,57.5,61,1.5,2,2.5,4,10,13,25,48,17,50.5,64.5,42,284,299.5,276.5
"E1W995",24,47,29.5,0.5,2,0,5.5,6.5,3.5,1.5,5,3.5,24,30,38,201,199,274.5
"E1W996",20.5,33.5,42.5,3.5,3,2.5,5,11,6.5,1.5,17.5,7,26.5,19.5,39.5,184,168,219.5
"E1W997",20,21,14.5,3,5.5,1.5,10.5,15.5,2.5,3.5,5,4.5,25.5,28,20,100,94,146
"E1W998",0.5,3,6.5,2.5,2.5,0,6,13,3.5,2,5.5,5.5,13,20.5,13,38.5,43,50
"E1W999",0.5,0.5,2,1,1,0,3.5,2.5,2,1.5,2.5,0.5,4.5,15,8,27.5,29,31
"E1W9A0",3,1.5,1,1.5,1,0.5,3.5,2,1,4,3.5,2,8,8,9,28,31,26
"E1W9A1",56.5,54.5,42.5,44,55,30,67.5,90,37.5,100,152.5,108,217,285.5,173.5,351.5,376.5,417
"E1W9A2",6.5,7.5,2,2.5,3.5,1.5,10,6,6.5,7.5,19,12.5,22.5,30,25,57,72,92.5
"E1W9A3",12,13,19,2,1.5,1,4.5,5,2.5,9,11.5,7,32.5,45,47.5,206,227,257.5
"E1W9A4",6.5,11,7.5,0,2,0,2,3,1,1.5,6,2.5,5,12.5,13,59,73.5,111.5
"E1W9A5",3,13.5,5.5,0.5,1,1.5,1,8.5,2,3.5,1,4,8,15.5,9.5,42.5,36.5,51
"E1W9A6",8.5,6,6.5,2,0.5,0.5,6.5,3,2,2,3.5,3,5,11.5,11,37.5,59.5,58.5
"E1W9A7",6,10.5,5.5,0.5,0.5,1.5,1,4,0.5,2.5,2.5,3,7,7.5,5,28.5,22.5,28.5
"E1W9A8",15,27,24,4,2,3.5,5.5,6.5,0.5,3.5,9.5,3,7,16,12.5,45.5,48.5,56.5
"E1W9A9",118,162.5,199,9,13,6,19.5,39,9.5,24.5,29,27.5,37.5,53,28,103,114,125.5
"E1W9B0",15.5,19,32,1.5,1,0,2,11.5,2.5,4.5,10,3.5,13,16.5,19.5,79,86,119.5
"E1W9B1",4,3,0.5,0,2.5,0,0,4,0.5,0.5,0.5,0,0,0.5,0,14,4.5,16
"E1W9B2",0.5,2.5,1.5,1,0.5,0,1,4,0,1,1,4,3,6,1.5,22,24,35
"E1W9B4",7,6.5,8,0.5,0.5,0,0.5,1,0.5,0.5,5,2.5,4,6.5,8.5,32,35,48
"E1W9B5",41,43,55,13.5,14,19.5,17.5,43.5,10,21.5,43.5,39,37.5,49,57.5,114,118.5,127
"E1W9B7",22.5,23,18.5,5,5,2,12,11,3,6,20,14,29.5,34.5,26.5,57,71,82.5
"E1W9B8",24.5,33.5,26.5,26,29,7,40.5,68.5,31,33.5,70,67,110,125,122,135.5,164.5,234
"E1W9B9",7.5,14,8,2,3,0,9,7,2.5,6,10,8.5,21.5,19.5,14.5,65,73,78.5
"E1W9C3",6,6,35.5,0,0.5,0,0,1.5,1,10.5,2,0.5,5,7.5,4,46.5,44.5,38
"E1W9C6",3.5,7.5,11.5,0,1,0,3,3.5,3,1,2,1.5,7,12,13,32.5,46.5,51.5
"E1W9C7",3,4,4.5,0,1,0.5,1,4,2,1.5,2.5,2.5,1.5,4.5,5,13,21.5,28.5
"E1W9C8",6,4,5,0.5,2.5,0,0,2,2,3,0.5,0.5,4.5,3.5,6.5,28,31.5,36.5
"E1W9C9",16.5,13,6.5,10.5,14,6,27.5,28.5,14.5,23,33,21,31,51.5,35.5,66.5,74,85.5
"E1W9D0",1238,1715.5,1123.5,191.5,230.5,85.5,334.5,496.5,215.5,239,531,394.5,644.5,822,676.5,701,791,948.5
"E1W9D1",16,24.5,19,1.5,0.5,1.5,3,2,2,1.5,2,9.5,7,13,14.5,51.5,54,64.5
"E1W9D2",2.5,4.5,3,1,0,0,0,0.5,1.5,2,3,0.5,10.5,9,7,31.5,41,67
"E1W9D3",14,11.5,13.5,7,7.5,5,11,14,11,19.5,23,32,33.5,35.5,41.5,124,131.5,141.5
"E1W9D4",56,62,63,3,1,0,7,9.5,2,4.5,8,5,25.5,35,39,205,200.5,263.5
"E1W9D5",12,13.5,8,0.5,0,0.5,2,3,0.5,4,2,4,13.5,10,18,67.5,92.5,99.5
"E1W9D6",6.5,13,13,2,3.5,0,4.5,3,2,2.5,6,1.5,11,6.5,10.5,51,55,65
"E1W9D7",67.5,91,52,3,9,3,22.5,34.5,7,7.5,7,19,46.5,41,48.5,178.5,258.5,333.5
"E1W9D8",104,138,95,7.5,14.5,8,22,28.5,5.5,21,28,31.5,33.5,46.5,38.5,147.5,151.5,194.5
"E1W9D9",27.5,42,34,6.5,3,3,3.5,14,4,3,15,12.5,14,17.5,14.5,70,82,98.5
"E1W9E0",16,31,25.5,3,1,0,5,6.5,4.5,3.5,16.5,8,17.5,26,10,108,97,47.5
"E1W9E1",28,44.5,40.5,3,5,2.5,6,8,3.5,3.5,12.5,8.5,19.5,26,21,91,97.5,142
"E1W9E2",20,31,40,2.5,4.5,4,6,9,3,2.5,11,7,17.5,16.5,14,78.5,105.5,108
"E1W9E3",38.5,41,49.5,3.5,1.5,2,10,9.5,3.5,6.5,10.5,7,18.5,27.5,23,99,118.5,127.5
"E1W9E4",1,4,3.5,1.5,1,0,2,1,0,4,1,0.5,5.5,10,7.5,33,37.5,54.5
"E1W9E5",2,7,1.5,0.5,2,0,0.5,2,1.5,1,5,3,4.5,3,5,32.5,17.5,38
"E1W9E6",12.5,13.5,11,0,1,1.5,1,0.5,0,3,6,4,6.5,10.5,7,16.5,21.5,12.5
"E1W9E7",38.5,38,30.5,1.5,6.5,0.5,8.5,17.5,3.5,7,14.5,12,18.5,29,18.5,62,64.5,89
"E1W9E8",54.5,57.5,41,4,8.5,0.5,6.5,23,8.5,15.5,22,13.5,36,43,31,82.5,104.5,107
"E1W9E9",130.5,152.5,183.5,8.5,15.5,5,20.5,49,21,35,59,36,91,111.5,74,273.5,280.5,311
"E1W9F2",34,23,16.5,0.5,1.5,0,0,1,1,0.5,6,4,5,8,16,50,67,83
"E1W9F3",20,28.5,21.5,0.5,2,1,1.5,7.5,1,2,6,3.5,17,13,27.5,168,179,192.5
"E1W9F4",6,9.5,9,1,4,4,4,7,3,6.5,12,14,12.5,13,25,63.5,62.5,74
"E1W9F5",11,5.5,5,1.5,2,0.5,2.5,4.5,1.5,0.5,4,5,7,8,10.5,40.5,49,46
"E1W9F9",81,33,12,4,4,1,5,5,2,97.5,101.5,4,73.5,124,15.5,248.5,296.5,60
"E1W9G0",1.5,2,1,1,1,0,1.5,0.5,2,1,1,1,5.5,4,4.5,35,36,44
"E1W9G1",4.5,5.5,2,0,1.5,0,3,6,1.5,5,7.5,3.5,10,14,9.5,31.5,40.5,37
"E1W9G2",3,4.5,2,0.5,3.5,0,4,8.5,2,5.5,9.5,4,13,14.5,10,20.5,26.5,30.5
"E1W9G3",19,9,24.5,4,10,7,15.5,27,7,22,33,20.5,35,38.5,22,31.5,46.5,57
"E1W9G4",16.5,19,21,7.5,8,4,9.5,20,7.5,9.5,28.5,18.5,35.5,44.5,29,43,48.5,44
"E1W9G5",14.5,13,14.5,7.5,9,1.5,12,25.5,7,13.5,34.5,22,43,58.5,31.5,81,75,100.5
"E1W9G6",206,290.5,239,45.5,58,19,79,149.5,41,69,176.5,112,241,288,241.5,501.5,530,619
"E1W9G7",38,48.5,51,8,4,5.5,13.5,20,4.5,10.5,27,19,28,32,33.5,73.5,91.5,123.5
"E1W9G8",33.5,39.5,48,4.5,7,7,11.5,18.5,8,15.5,30.5,15,45.5,47.5,42.5,154,152,167.5
"E1W9G9",18,30.5,27.5,2.5,4,0.5,3,11,3,5.5,10.5,9,13,21.5,18.5,35,45,64
"E1W9H0",42.5,52.5,47,5.5,14.5,2.5,18,26,5,20.5,24,17,37.5,44,40,101.5,140.5,149
"E1W9H1",34,40,46,10,12.5,7,15,25,12,24,51,31,62,75,71,160,187,216.5
"E1W9H2",11.5,12,14.5,1.5,2,0.5,2.5,5.5,3,5,9.5,7.5,17,19.5,20,66,89.5,92.5
"E1W9H3",15,9,9.5,1.5,0,0,1,0.5,0.5,0,2,0,7.5,6.5,5,35,39.5,46
"E1W9H4",23,36.5,24.5,5.5,1.5,2,5,15.5,6,10.5,16,11.5,25,36,24,159,181,221
"E1W9H5",38.5,37.5,29.5,1.5,1.5,0,4,7,2.5,4,14.5,7,18.5,28,13,108.5,150,112.5
"E1W9H6",28.5,36.5,35,3,1.5,0,10,13.5,4.5,11.5,25.5,6.5,20.5,30,40.5,125.5,155,151.5
"E1W9H7",30,46,26.5,14,7,2.5,14,22.5,5.5,7.5,23.5,11.5,22,32.5,31.5,184,155,188.5
"E1W9H8",8.5,13.5,7.5,5.5,5.5,2.5,10,15.5,5,8.5,16,17,24,20.5,28.5,48,52.5,72
"E1W9H9",12.5,17,41,2.5,7.5,6.5,6.5,12.5,4,15.5,27,11.5,33,39.5,29,71.5,79,98
"E1W9I0",117,132,143.5,12.5,12.5,4.5,10.5,27,11,18,36.5,23,55,62,46.5,175,200.5,247.5
"E1W9I2",2.5,2.5,3.5,0,1,0,1,0,0,0,0,0.5,1,2.5,1,4.5,6.5,10
"E1W9I3",6,8.5,4.5,1.5,2.5,0.5,4,1.5,0,2,4.5,9,4,9.5,8,51,46,59.5
"E1W9I5",2,0,2.5,1,0.5,2,0,1.5,2,1,2,2.5,4,3,6,13.5,13,26
"E1W9I6",5,11,9.5,1,1.5,1,2,2,1.5,2,3.5,3,8,6,7.5,52,69.5,61.5
"E1W9I7",119,154.5,91.5,9.5,14,7,21.5,50,12.5,26.5,28.5,34,42,54,60,244.5,285,291.5
"E1W9I8",58,56.5,56,5,12,5,10,17.5,9,15.5,15,15.5,35.5,33.5,26.5,178.5,198,214
"E1W9I9",19,22,16.5,1,1,0.5,0,4,0,3,5.5,1,5.5,5.5,8.5,27.5,24.5,33
"E1W9J0",10,16,18,1.5,1.5,0,0.5,1,1.5,2,1.5,2,5,11,7.5,27.5,44,46.5
"E1W9J1",45.5,66.5,51.5,8,2,0,13.5,19,5.5,11,19.5,12,29.5,33.5,25,109.5,99,101
"E1W9J2",79.5,101,109,8,11,3,14,28.5,10.5,15.5,43,25,61,58.5,43.5,134,141,176.5
"E1W9J3",1.5,2,1,0.5,0.5,0,0.5,0.5,0,0.5,1,0,3,0,3.5,15.5,24.5,23
"E1W9J5",6,2,3.5,2,1,0,0.5,3,0,2.5,3.5,2,9.5,2.5,4,45,59,44.5
"E1W9J6",15,29.5,4,2,5,2,7.5,9.5,2.5,6,14.5,14.5,19,27,18,56.5,56.5,82
"E1W9J7",25,33.5,7.5,0.5,10.5,3.5,13.5,10.5,4.5,3.5,8,13.5,20.5,33.5,45,149.5,166.5,218.5
"E1W9J8",2,0.5,4,0,0,1,1,1,1,0.5,0.5,1,6,7,8,54.5,50.5,50
"E1W9J9",3,2,1,0.5,0,0,0,2,0.5,0.5,1,0.5,11,21,24.5,136.5,132,162
"E1W9K0",1.5,0.5,0.5,1,0.5,0.5,0,1,0,0,4.5,0.5,42,63,77.5,426,484,630
"E1W9K1",8,7,9.5,3.5,1,1,8,8,6,3.5,2,5.5,18,22,47,240.5,266.5,372.5
"E1W9K2",5,10.5,13,1,1,0.5,3,4,1.5,1,3.5,1,8.5,11.5,9.5,47,63,91
"E1W9K3",35.5,59.5,68,2.5,1.5,0.5,1.5,6,0.5,3,4,2,9.5,15.5,9,45,64,76.5
"E1W9K4",39.5,44,58.5,7,9.5,6.5,9.5,14.5,7,8.5,15.5,15,23.5,25,26,63,57,57.5
"E1W9K5",6.5,9.5,18,1,2.5,0,3,6,0.5,5,10,5,11.5,7,6,31.5,31,27
"E1W9K6",11.5,18,22,1,5.5,1,8.5,6.5,3.5,3.5,13,9,16,21,11.5,42.5,47.5,52.5
"E1W9K7",5.5,19.5,15,1,1.5,1,4,5,3,3,11,4,12,15,11.5,50.5,49,50
"E1W9K9",20.5,26.5,18,0.5,1.5,1.5,2.5,4.5,1.5,2,2.5,5.5,6.5,10,12,56,73.5,78.5
"E1W9L1",0.5,1.5,0.5,0.5,0.5,0,0,0.5,0,0.5,1,0,1,2.5,1.5,10.5,14,9
"E1W9L7",30,42.5,15.5,1,1,0,17,5,9,12.5,40,11.5,56.5,51,52,226.5,222.5,280
"E1W9M0",9.5,12.5,6.5,0.5,1,1,5.5,3.5,1,1,4.5,3.5,11.5,10.5,13,39,46.5,51
"E1W9M1",13,16,18,2,1.5,1,4,2.5,1,2,7.5,3,11.5,16,13.5,62.5,71,76.5
"E1W9M2",4.5,1,3,0,0.5,0,0.5,1,0.5,1.5,1,0,3.5,4,5,13,19.5,24.5
"E1W9M3",72,118.5,153,7,19,6.5,24,37.5,7,20,43.5,31.5,54.5,53,69.5,242,272.5,341.5
"E1W9M4",31.5,53,38,5,5,5.5,18.5,24,5.5,11.5,23.5,19,31.5,36,41,142.5,191.5,201.5
"E1W9M5",7,8,6.5,10.5,10.5,7.5,20.5,32.5,6,25.5,43,31,49.5,59.5,33.5,53,62.5,57.5
"E1W9M6",8,6.5,4.5,5,4,10.5,10,16.5,6,24.5,32,29.5,38.5,41,34,34.5,43,45.5
"E1W9M7",18,23.5,21,14.5,8.5,15,20.5,40,22,32.5,96,48,99,126,60.5,73,85.5,113.5
"E1W9M8",25,31.5,15.5,8.5,17.5,7,21.5,31.5,9.5,34,73,33,71.5,94,55,86.5,98.5,98.5
"E1W9M9",206,281,265.5,40.5,39,15,86.5,129,53.5,98,233.5,112,223.5,272,166.5,252.5,283.5,261
"E1W9N0",297.5,409.5,385,29,35,13,55.5,98,21,64.5,130,84,129.5,158.5,139,194.5,206.5,224
"E1W9N1",310,383.5,486.5,17,19,8.5,30.5,65,19.5,57,110.5,61.5,95,120,103.5,154.5,152,172
"E1W9N2",257.5,303,323.5,11.5,11,2.5,23.5,34.5,11,17,44,27,41.5,40,63.5,73,91,119.5
"E1W9N3",131.5,193.5,299.5,15.5,20.5,5.5,28.5,51,15.5,35,93,36.5,93,125.5,68,251.5,308,357.5
"E1W9N4",74,128.5,196.5,16,20.5,11,23.5,34.5,14,36.5,63,28,63.5,72,42.5,107,143,182
"E1W9N5",10,20.5,25.5,3.5,12.5,0,9,13,3.5,9,6.5,4.5,8.5,13.5,10,27,24.5,40.5
"E1W9N6",24.5,34,30.5,5.5,4,1.5,6,7.5,4.5,11.5,13,8,16.5,23.5,20,28,33,64.5
"E1W9N7",18.5,29,16.5,2.5,2,0,5.5,7.5,2.5,5,10.5,3,24.5,24.5,20,133,147,127
"E1W9N8",28,50,43.5,6,6,4,8,19,4,10.5,23.5,5,43.5,41,45.5,221.5,209,221.5
"E1W9N9",18,25.5,24,5.5,3.5,0,9,13.5,2.5,9,23,4,35,36.5,35.5,185.5,187.5,197.5
"E1W9P0",25.5,18.5,22.5,4.5,3,0,4.5,6,5.5,5.5,17.5,8,30,40.5,33.5,200,221.5,258
"E1W9P1",137.5,174,189,23,27,6,35.5,65,24,50,68.5,44,126,135,109.5,528.5,579,684.5
"E1W9P2",249.5,355.5,318,30.5,34,6.5,60,84.5,36.5,66.5,115,61.5,124,127,102.5,337,402,458.5
"E1W9P3",50,83,51.5,9.5,11.5,1,26.5,37.5,8.5,23.5,32,16.5,41.5,40.5,46,108,146.5,201
"E1W9P4",3.5,3,3.5,0.5,1,0,1.5,0.5,0,0,0.5,2.5,5,6,7,42.5,49,54.5
"E1W9P5",7.5,7,6.5,3,0,0.5,3.5,4,1,0.5,4.5,4.5,5,9.5,13.5,38.5,51,63
"E1W9P6",6,14,15.5,1.5,0,0,0,2.5,1,2.5,3.5,4,6,6.5,7,39,37.5,52.5
"E1W9P7",18.5,16.5,13.5,0,2,0,2,7,1,0.5,2,3.5,3,6.5,6.5,27,28,35
"E1W9P8",68,77,100,3,7.5,1.5,7,19.5,4,26.5,29,21,56,73.5,42,76,116.5,121.5
"E1W9P9",1,3,1,1,1,0,1.5,3.5,0,2.5,4.5,1,5,6,5.5,13,17.5,18.5
"E1W9Q0",2,2.5,2.5,2,3,0.5,4,8,0.5,2,5.5,2,2.5,5,4.5,25.5,25.5,31.5
"E1W9Q1",5.5,7.5,2,0.5,0,1.5,2.5,3.5,0.5,3.5,3,3,4,4.5,5.5,19,27,25
"E1W9Q9",0.5,3.5,4.5,1,4.5,0,2.5,4.5,1,1.5,7,6.5,8,12.5,10,43,41.5,58.5
"E1W9R0",160,222.5,243,23.5,31,13,44.5,70,29,42.5,68.5,46.5,149,164.5,164.5,556,622.5,690
"E1W9R1",12.5,7.5,13,2,2.5,0.5,2,9.5,1.5,4.5,7,5,15,12.5,16,59.5,52.5,53.5
"E1W9R2",13,9.5,10.5,1.5,4.5,1.5,2,5,0.5,3.5,7.5,3,10,13.5,9,41,47.5,48
"E1W9R3",9.5,8.5,8,0.5,0.5,3,0,1.5,2,3,6.5,1.5,6,2.5,6.5,21.5,15,24.5
"E1W9R4",7,12.5,9,0,4,0,7.5,2,1.5,3,6.5,8,8,15,10.5,39,35.5,50
"E1W9R6",118.5,131.5,100,6,9.5,2.5,11,23,4.5,9,29,25,42,54,66,215,233.5,283.5
"E1W9R7",8,11.5,10,0.5,2,0,0.5,2.5,3.5,1,4,2.5,10,9,20,47,48,71.5
"E1W9R8",123,157,59,16,11.5,6.5,17,24.5,6.5,3,11,27,16,22,35.5,65.5,88,142
"E1W9R9",26.5,38.5,21,10.5,10.5,3,17,21,11.5,11,35.5,18.5,47.5,55,48,93,100,133.5
"E1W9S0",17,37.5,20.5,5,5,0.5,9,10,9.5,11,22,15.5,29.5,31.5,24.5,43.5,51,80
"E1W9S1",25,28.5,37.5,4,4.5,1.5,3.5,10.5,6,11.5,16.5,16,17,30,22,39,42,56.5
"E1W9S2",9.5,19,11.5,0.5,1.5,1.5,1.5,5.5,1.5,3.5,5.5,5.5,5.5,7,7.5,19,27.5,32
"E1W9S3",11,17.5,38,7.5,4.5,2,6.5,9,6.5,11.5,18.5,9,24,26.5,19.5,39.5,41,42
"E1W9S4",23,20,28.5,4,5.5,0,5.5,4,1,5,7,9,10,15,11.5,54,56.5,63
"E1W9S5",2.5,9,7.5,2.5,2,1,16,21,7,9.5,17.5,14,14.5,32.5,20,60,69.5,95
"E1W9S6",1,5.5,4.5,0,5,3,3.5,5.5,6.5,5.5,9.5,6,16,17.5,18,44.5,43,67
"E1W9S7",2.5,3,3.5,2.5,4,1,6,10.5,2.5,6,11.5,7.5,15,23,17.5,95,82,113
"E1W9S8",4.5,5.5,6,8.5,9,3.5,12.5,19,11.5,21.5,40,25.5,36,44.5,41.5,47,53,66
"E1W9S9",12,15.5,7.5,9.5,10.5,3,12.5,33,8.5,12.5,38.5,41.5,37.5,39,33.5,56.5,73,101
"E1W9T0",4.5,2,3,5.5,2.5,0,5,15.5,7,12.5,29.5,10,22.5,28.5,30.5,59,73.5,94.5
"E1W9T1",6,8.5,9,10,9.5,11,20.5,28,12.5,38.5,44.5,30.5,66.5,93.5,79.5,228.5,210,246
"E1W9T2",3.5,6,5,5,12,7.5,12,36.5,13.5,30,60,26.5,65.5,78,42.5,70,92.5,120
"E1W9T3",2,3,5,1.5,6,0,6,15,12.5,19.5,31.5,24.5,35,60,30,42.5,58,71.5
"E1W9T4",0.5,2.5,4.5,2.5,10,2.5,7,16.5,6,13,25,16,34.5,42.5,29,42.5,51.5,44
"E1W9T5",2,2,1,3.5,6.5,4,7,8,6,12.5,30.5,15,36,32,23,39.5,51,47.5
"E1W9T6",135,130,276,14,16,11.5,22.5,37,36,106.5,298.5,74.5,369.5,449,357,1715,2034.5,2305.5
"E1W9T7",87,105.5,110,40,48,20.5,35.5,69,28,23.5,55.5,47.5,68,76.5,81.5,240.5,262.5,338.5
"E1W9T8",20.5,26.5,12.5,2,2.5,0.5,1.5,6.5,2.5,3,5,4,10,15.5,17.5,68,68,88.5
"E1W9T9",16.5,17,17,1,0.5,0,1.5,0.5,1.5,0.5,0.5,1,1.5,5.5,5.5,35,35.5,55
"E1W9U0",8.5,8.5,5.5,1,0.5,0,1.5,3,0,0.5,1,2,1.5,2.5,2,19.5,19.5,21
"E1W9U2",3.5,2,3,0.5,0,0,0.5,1,0,0.5,0,0,1.5,2,1.5,4.5,2,9.5
"E1W9U3",2.5,5.5,4,0,2.5,0,0.5,4.5,0,0,1,0,3.5,3.5,4.5,11.5,14,13.5
"E1W9U4",43,53.5,48.5,4,4.5,4,11.5,20.5,8.5,8.5,13.5,11.5,25,28.5,29.5,69,81.5,93.5
"E1W9U8",3,7,6,0.5,0.5,0,1,8.5,2,1.5,3,3,5,6.5,7,29,31,38.5
"E1W9U9",5,3,3,0,1.5,0,1.5,0.5,0.5,0,2.5,3.5,3,8.5,9,14.5,20,18
"E1W9V1",9,19.5,12,11,7.5,7,11,17,19,30.5,62,69,85.5,124.5,163,259.5,265,300.5
"E1W9V2",13,22,25.5,1.5,2.5,1,5,4.5,2,7,21.5,11.5,11.5,17.5,21,57.5,65,81
"E1W9V3",18,17,13,3,2,0,3,8,1,2.5,4,8.5,6.5,14,10,38,34,46.5
"E1W9V4",21.5,18.5,32.5,0,4,0.5,12,13.5,4.5,6.5,10,9.5,13,19,16.5,57.5,55.5,68.5
"E1W9V5",19.5,30,21,2.5,4.5,3,6.5,13.5,2.5,4.5,11.5,9.5,9,14.5,12,32.5,32.5,45
"E1W9V6",17,13.5,13,2.5,2,0.5,5,6.5,2,3,3.5,2.5,4,7,10,20,22.5,34
"E1W9V7",30.5,51.5,47.5,4,2,0,2,2,1,1.5,5.5,3,19.5,16.5,19.5,92.5,95.5,141
"E1W9V8",34.5,53,53,4,2.5,1.5,4,10.5,3,7,8,6,22,26,41,138,176.5,216
"E1W9V9",14,11.5,25,0.5,1.5,0.5,2.5,4.5,1,2,9,8.5,10.5,15.5,13.5,42.5,45,58.5
"E1W9W1",2,2.5,4,1.5,0.5,2,1,2,1,2.5,1.5,1.5,4.5,6.5,7.5,19,13,26.5
"E1W9W2",4.5,6,9,1.5,0,0,0,1,2.5,0,2,0.5,6,4.5,7,45.5,55,66.5
"E1W9W3",7.5,15,17,2,2.5,2,4.5,9,3.5,3.5,6.5,5.5,18,13,30.5,135.5,161.5,178
"E1W9W4",13.5,23.5,25,8,8,4,8,12.5,3,8,16.5,5.5,41.5,50.5,39,293,367.5,366.5
"E1W9W5",13.5,17,21.5,3.5,2.5,0,3,7.5,3.5,4.5,11.5,6,30.5,31.5,38.5,208,268.5,281.5
"E1W9W6",53.5,78.5,64.5,17,20.5,7.5,21.5,45,8.5,15,32,40.5,167.5,216.5,227.5,1315.5,1478,1381
"E1W9W7",37.5,43.5,55.5,16,24.5,23.5,24.5,22.5,17.5,34.5,51,66.5,57,84.5,121.5,186.5,195,219
"E1W9W8",9.5,7.5,10.5,0.5,0,0,0,0.5,0,1.5,0.5,3.5,3,2.5,3.5,16.5,20.5,30
"E1W9W9",440,574,425.5,32,50,11,82.5,121.5,23,55.5,104,50,121.5,141,142,503,587.5,698.5
"E1W9X0",10.5,22.5,17,3.5,6,0.5,2.5,2,0.5,1,5,2.5,17,19.5,20,79.5,92,114.5
"E1W9X1",13,9.5,11.5,0.5,1.5,0,0,4.5,1,3.5,5,3,8.5,17.5,16,108.5,117,117.5
"E1W9X2",7,16.5,10,6,1,1,3.5,3.5,0.5,3,5,3,14.5,15,20.5,153.5,172,203
"E1W9X3",27.5,53.5,33,2,6.5,1.5,5.5,4.5,2,4,8,4.5,17.5,19,15,106.5,115.5,133.5
"E1W9X4",81.5,93,99.5,5.5,9,3.5,23.5,27.5,9,25.5,39.5,27.5,95.5,99,105.5,638.5,691,744.5
"E1W9X5",1.5,1.5,1.5,3,0,0,0.5,1,0,1,0,0,4,3.5,11.5,87.5,92.5,130.5
"E1W9X7",5,4,7.5,0,1,1,0.5,2,0,1,4,0,11,7,11,76,92,136
"E1W9X8",22.5,33.5,25.5,1.5,2,0,5.5,4,1.5,2.5,3.5,2.5,19.5,17,27,163.5,180,201.5
"E1W9X9",15,6,5,1.5,0,0.5,1.5,5.5,0.5,2.5,7,1.5,7,7.5,21.5,144.5,139,140.5
"E1W9Y1",8.5,6.5,9.5,0,1,3,1,2,0.5,2,8,0.5,6,4.5,6,44,40.5,43
"E1W9Y2",14.5,10.5,21,2,0.5,0,1.5,7.5,1.5,2,5.5,3,10,13,10,47,41.5,59.5
"E1W9Y3",15.5,22.5,24.5,0,1.5,2,3.5,7.5,3,2.5,6,4,13,14,9.5,52.5,48,70.5
"E1W9Y4",16,18.5,19.5,4,0,0,3.5,10,3,3,4.5,5.5,12,15.5,13.5,68.5,61,91
"E1W9Y5",8.5,11.5,10,0,2.5,1,2.5,5,2,2.5,6,6,11,14,9,33,41.5,46.5
"E1W9Y6",4,7.5,10.5,1.5,2,0,3.5,2,2,1.5,4.5,2.5,3,5,5,17,21,23.5
"E1W9Y7",6,11.5,8,1,1.5,0.5,2.5,2.5,1,2,3.5,0.5,3,6,5.5,28,27,30.5
"E1W9Y8",23,27,28,1,2.5,0,1,4,2.5,5.5,9,6.5,24,21,14,84,90,89
"E1W9Y9",10.5,15.5,6.5,4.5,3.5,0,4.5,16.5,1,19.5,33,18,57.5,76.5,96,203.5,229,236
"E1W9Z0",1,2,0.5,0.5,1,1,1.5,2,2.5,1,3.5,3.5,6,8.5,14.5,22,30,28.5
"E1W9Z1",0.5,2,0.5,0.5,2,0.5,5.5,6,1.5,3,7.5,6,10,6.5,12,40,57,56.5
"E1W9Z2",2,2,1.5,5,0.5,0,4,5.5,1,4.5,8,5,13.5,9,17.5,62.5,77.5,81.5
"E1W9Z3",7,7.5,3,1,0.5,0,2.5,2,2.5,2.5,10.5,6.5,7.5,18,23.5,81.5,103,105
"E1W9Z4",3.5,3,3.5,1.5,2,0,7.5,10,0.5,5,14,8,13,18,18.5,77,102.5,115
"E1W9Z5",9,16,3.5,14.5,17,2.5,29.5,57.5,8,57.5,85.5,43.5,57.5,84.5,45,62,98,88
"E1W9Z6",8.5,12.5,3.5,9.5,16,2.5,14.5,21,10.5,7,29,31.5,39.5,33.5,41,88,95.5,110.5
"E1W9Z7",3.5,3.5,2.5,1,1.5,1.5,1,1,1,7,6.5,4,8.5,5.5,8.5,62.5,54.5,64
"E1W9Z8",19.5,27,32.5,4.5,9,8.5,7,22.5,7,9.5,23,14,26.5,32,23,58,65,75.5
"E1W9Z9",13,13,18.5,10.5,14,12.5,12,28.5,12,27.5,54,36.5,66.5,78,80.5,150.5,174.5,226
"E1WA00",49.5,64.5,28.5,4,8.5,1,19.5,26,6,14.5,20,20,34.5,45,39,109,130,176.5
"E1WA01",12.5,13,11,2,4.5,0.5,10.5,15.5,8,9,25,13,23.5,35,19.5,52,56.5,61.5
"E1WA05",13.5,7,7,2,2,0,1,2,1,0.5,6.5,4,6,7,9.5,89.5,96,100
"E1WA06",5,4.5,3.5,2,1,0,0,0,0.5,0,4,3,2.5,4,3,21,25.5,33.5
"E1WA09",0.5,1.5,0.5,0.5,1,0,0.5,0,0.5,0,0.5,0,0.5,1,0.5,5.5,4.5,8
"E1WA13",2.5,4,4,1,0,0,1,1,1.5,0.5,2.5,0,5,2.5,4.5,29.5,28,46.5
"E1WA14",9,13,5,0.5,2.5,0.5,1,8,1.5,0.5,1,3.5,1,7.5,4,15,17,18.5
"E1WA16",0.5,2,0.5,0.5,1,0,2,2.5,0.5,0,1,1.5,4.5,4.5,3.5,6.5,5,6.5
"E1WA17",17.5,22.5,7.5,2,6.5,5,2.5,7.5,0.5,5,6,2,7.5,7.5,8,19,21.5,32
"E1WA18",60,76.5,51.5,6.5,10.5,0,13,23.5,9,5,16.5,16,16,25,22.5,57.5,86.5,94
"E1WA19",4.5,2.5,3,0.5,1,0,1.5,0,0,0,1,1.5,3.5,1.5,3.5,16,13,23
"E1WA20",1.5,4.5,2.5,0.5,0.5,0,0.5,0,0.5,0,1,2.5,1.5,0.5,2,17.5,21,21
"E1WA21",2,2,3.5,0,1.5,0,0,0.5,1,0,1,1,1,1,1.5,15,8.5,4
"E1WA22",49.5,68,29,8.5,11,0.5,10.5,21,2,10,49.5,3.5,23,29,7,64,73.5,56
"E1WA23",0.5,3,3,0,0,1,1,1.5,1,2.5,2.5,0.5,3,4,1,20.5,26,23.5
"E1WA24",6.5,14,12.5,4,4,0.5,5.5,15,5.5,0.5,8,10.5,12.5,18.5,27.5,98.5,104,135.5
"E1WA25",13,23,15.5,1.5,8,2.5,7,12.5,6,3,9,10,21.5,35,33.5,145.5,149.5,189.5
"E1WA27",4.5,1.5,5,1,1.5,0,0.5,7,2,2,2.5,1.5,9.5,11,10,38,50.5,68.5
"E1WA28",16.5,17,13.5,7,16,6,26,53,16,19.5,50,32,118.5,137.5,168,702.5,711,863.5
"E1WA29",15.5,12.5,16.5,206.5,255,163,385.5,671,236,441.5,988.5,633.5,1227.5,1430.5,1546.5,2202,2470.5,2792.5
"E1WA30",12,15,9,108.5,135.5,36.5,192,354.5,98.5,147.5,259,215.5,355.5,417.5,216.5,301,365,436.5
"E1WA31",10.5,16.5,14.5,65.5,60,30,84,154,33.5,48.5,118.5,95,111,161,103,136,158,210.5
"E1WA32",6.5,9.5,12.5,2,1,3,5.5,14,3,5,15,12,18,21.5,24.5,67,64.5,98.5
"E1WA33",9,7.5,8,1.5,1.5,0,3.5,2,2.5,4,12.5,6,8,17.5,16.5,69,65.5,97
"E1WA34",7.5,7.5,11.5,2.5,0.5,3,6.5,7.5,1,5.5,7,9,16,21,15,19,24,29
"E1WA35",6.5,7,4,1.5,2,0,1,1,1,3.5,3,1,10,4.5,6,22.5,27,24
"E1WA36",0.5,2.5,1,1,0,0.5,6,0,0,2,0.5,0.5,4,4,2,20,11,15
"E1WA37",9,18,9,0,1.5,1.5,4,5,0,2.5,3.5,2,6,11.5,9,50,58.5,91.5
"E1WA38",3,4,3,11.5,8.5,5.5,24.5,39.5,8,40.5,58,29.5,74,84,59.5,32,52.5,51
"E1WA39",12,12.5,11.5,11.5,14,4,27.5,45,13,26,53,40,58,78,82.5,54.5,60,75.5
"E1WA40",35.5,62,37.5,12,8.5,2,29.5,55.5,16,30,84.5,23,68,80.5,93,113,123,107
"E1WA41",27.5,30.5,37.5,4,6.5,3.5,24,32.5,9,27.5,59,19.5,42,48.5,82.5,86,91,104
"E1WA42",33,29.5,16.5,8,10.5,3,23,34.5,8.5,15,46.5,29,29.5,39,77,78,81.5,81
"E1WA43",6.5,4.5,7.5,2.5,3.5,0,4.5,7,5,2,11.5,4.5,12,21,34.5,65,85,80
"E1WA44",19.5,19,23.5,1,1.5,4.5,3,5.5,3.5,5,12.5,4.5,31,42.5,30,83,84.5,93.5
"E1WA45",16.5,12,14,1.5,3,0,2.5,2,0.5,0.5,3,3.5,4.5,7.5,9.5,28,38,70.5
"E1WA48",63.5,69.5,46,8.5,9.5,4.5,26,30,9.5,5.5,13.5,24,34.5,39.5,57.5,165.5,221,305
"E1WA49",8.5,5,4,1,1.5,1,2,5.5,3,1.5,3.5,5,5.5,7,8,70.5,68.5,94.5
"E1WA51",21.5,15,8.5,1.5,1,0,4.5,5.5,1,4,13.5,4.5,14,11.5,21,32.5,30.5,37
"E1WA52",3,3.5,13.5,0.5,2,0,0,1.5,1,0,1.5,3,8.5,7.5,9,54,63,76
"E1WA54",2,5.5,2.5,0.5,0.5,0,0,9,1,2,2.5,8.5,12.5,14.5,10.5,39,40,39
"E1WA56",2,1,0.5,0.5,0,0,4,1.5,2.5,0,3.5,3,14,15,24.5,68,60.5,73.5
"E1WA57",5.5,7,7.5,2,2,4,4,16,3,12.5,12,10,40.5,40,52,141.5,183.5,202.5
"E1WA58",14,24,14,9,4,4,7.5,14.5,4,2,7,8.5,34.5,25.5,47,124.5,149,133
"E1WA59",328,483.5,418.5,5.5,6.5,3.5,9.5,13,14,3,18.5,16.5,38,39,35.5,190.5,219.5,255
"E1WA60",106.5,165,188.5,0,1,1,3,3.5,3,1.5,6,3,9,21,18.5,105.5,105.5,145
"E1WA61",113,151,126.5,1.5,5.5,0.5,4.5,12,4.5,1,3,9,8.5,11,12.5,34.5,44,55
"E1WA62",12,19,11.5,0.5,1,4,0,1.5,0.5,0,2.5,3,4.5,4.5,7,35.5,35,45.5
"E1WA63",25,23.5,27,1.5,1,1.5,5,7,1.5,2.5,3,3.5,11,17,12,106,104.5,181.5
"E1WA64",14,33.5,24.5,0.5,1.5,0.5,1,2,1,1,2.5,2,15.5,20.5,21,139.5,160.5,210
"E1WA65",19,36,25,0,0.5,0.5,1.5,1.5,23,1,8,5,7.5,21.5,17,93.5,108.5,157
"E1WA67",21.5,23.5,34.5,1,5,0,11.5,6,3.5,5.5,18.5,6.5,21,23.5,17,76,86,98.5
"E1WA68",117,105.5,80,36.5,44.5,7,30.5,61.5,9,35.5,110,15,108.5,142.5,84.5,390,451,485.5
"E1WA69",29,56.5,43.5,1.5,2,1.5,4,10,2,2.5,6,6,15.5,23.5,23,98,120,171
"E1WA70",84,110.5,88.5,5,6.5,5,13,26.5,4,3,13.5,12.5,38,44.5,41.5,212.5,210,269.5
"E1WA71",101,122.5,134.5,12.5,25.5,19,24,42.5,16.5,13,38,46,48,77,96.5,98,126,175.5
"E1WA72",170.5,225,279.5,20.5,18.5,7.5,25.5,60,16.5,38.5,84.5,27.5,106.5,125.5,90.5,446,499.5,567.5
"E1WA74",131,155.5,125.5,17,37,10.5,38.5,63,26.5,34.5,57,36.5,334.5,397,640.5,4824.5,5306.5,6736.5
"E1WA75",20.5,24.5,23,2,6,3,6,10.5,4.5,0.5,2,7,11.5,16,11,39.5,34.5,56.5
"E1WA76",15,17,19.5,0.5,0,0,3,5.5,2,2.5,3.5,3.5,8.5,12,16,47,70.5,76
"E1WA78",1,4,1.5,1,0.5,0,2,0,0,0,1.5,0,5.5,2.5,1.5,17.5,16.5,18.5
"E1WA80",8.5,12,8,1,1,1,0.5,2.5,1.5,2,5,1.5,9,6,5,20,22,30
"E1WA81",1.5,3.5,3,0,1,0,0,2.5,0.5,0.5,4,2,2.5,3.5,2,8.5,11,10.5
"E1WA82",3.5,6,7.5,0,4,1,4,2.5,1,4,11.5,4,9,11.5,11.5,36.5,51.5,51
"E1WA83",4.5,8,4,0.5,0,0.5,1.5,4,2,3.5,9,2,10.5,10.5,11,61,51.5,68
"E1WA84",5,8.5,5.5,1,0.5,0.5,1,1.5,0,2,2.5,2.5,15.5,12,19.5,121,113,171.5
"E1WA85",2,2.5,2.5,0,1.5,0,0,1,0,0.5,3.5,1.5,7,2,3.5,18.5,26.5,22.5
"E1WA86",0.5,6.5,1.5,0.5,1,0,0.5,0,0,0.5,0.5,2,3,5,2.5,13,21,23
"E1WA87",5,8,5.5,1,2.5,0,4,1,0.5,1,5.5,1.5,10.5,10.5,13.5,52.5,67.5,93.5
"E1WA89",0,4.5,1.5,0,1,0.5,0.5,1.5,2,1,1.5,1.5,1.5,6.5,5,19.5,17.5,25.5
"E1WA90",0,1.5,2,1,0.5,0.5,2.5,2.5,0,3,1,1.5,0.5,2,4,13.5,10.5,9.5
"E1WA91",0.5,1,3.5,0.5,0,0.5,1,1,0.5,2,2,0,3.5,3.5,4,12.5,15,13.5
"E1WA93",2.5,1,2,0,0,0.5,1,0.5,0,2.5,1.5,2,2,0.5,2,9.5,9,9.5
"E1WA94",4.5,3,1,0,2,0,2.5,3.5,3,4,2.5,2,11.5,3.5,6.5,48.5,40,42.5
"E1WA96",1,1.5,3,0,1.5,0,0.5,0,0.5,1.5,1.5,1.5,0.5,2,7,28.5,25.5,36.5
"E1WA99",2,4.5,2,8.5,10.5,7,13.5,36.5,7,2,17.5,35,19.5,19,24.5,42.5,44.5,38.5
"E1WAA0",3,5.5,4,3,4,3.5,8,12.5,11,22,32.5,17,28.5,39,21.5,66.5,54.5,60
"E1WAA1",2,3,2,2.5,1.5,0,3.5,4.5,4.5,6,14,8.5,15.5,18,7.5,17.5,22.5,23.5
"E1WAA2",5,3.5,8,5.5,7.5,1.5,5.5,18,8.5,16.5,31,14,35.5,46,17.5,51.5,82,122
"E1WAA3",2,6,5,3.5,6,5,6.5,10,7,13,27.5,23.5,28.5,30,26,66,80,83
"E1WAA4",8.5,12,10,2.5,6,2,8,8.5,4,7.5,13,11.5,15.5,23,19.5,56,55.5,101.5
"E1WAA6",49,74,56,23.5,30,12,43.5,61,26,33.5,56,41.5,130,168.5,209,503.5,509.5,600
"E1WAA7",315,503.5,540.5,84.5,72.5,98,84,118,143.5,172.5,560,478.5,453,526,366.5,956,1081.5,1137.5
"E1WAA8",9.5,17.5,19.5,4,10,5.5,22.5,35,20.5,17,23.5,20.5,75,103,89.5,194,204,226
"E1WAA9",19,24.5,25,5,12,7.5,13.5,25,19.5,5.5,19.5,11.5,70.5,58,66,126.5,172.5,187.5
"E1WAB0",84.5,115.5,107,29,41,17,23.5,51.5,13,16.5,36.5,23.5,54,68,51.5,176,169,225
"E1WAB1",152.5,242.5,168,38,40.5,16.5,22,33,3.5,5.5,10.5,11.5,7,12,7,30,44.5,56.5
"E1WAB2",151.5,178,178.5,37.5,45,7.5,24,24,11,5.5,13.5,5,16,24,7,31.5,34,51
"E1WAB3",90.5,113,120.5,24.5,19,7,34,47.5,23,19,30,36,40.5,69,28,36,35.5,51.5
"E1WAB4",115.5,141.5,191.5,32.5,39.5,7,51,65,34,39.5,83,56,79.5,116,42.5,72.5,55.5,68
"E1WAB5",230.5,335.5,401,21.5,26,9.5,19.5,26.5,12,4,5,11,9.5,12,17,55.5,48.5,83
"E1WAB6",421,650,651,43,71.5,9.5,33.5,54,12.5,1,9,21.5,12.5,16.5,18,80,87.5,120
"E1WAB7",325,433.5,445.5,34,47.5,12,27.5,26.5,8,1.5,3.5,5.5,2.5,5.5,8.5,34.5,34,46
"E1WAB8",229,309.5,328,20,29.5,3.5,16,16.5,6.5,0.5,1.5,7,1,6,3.5,14,17.5,22.5
"E1WAB9",646,804.5,533.5,34,45,16.5,27.5,43,17.5,1,3.5,7.5,7,9.5,9.5,57,62.5,83.5
"E1WAC0",324.5,396.5,302.5,45.5,61.5,19.5,47,58,27,18,35,22,40,46,44.5,178.5,203,251
"E1WAC1",120,151.5,139,8.5,13,1.5,5,8,2.5,0,1,4.5,3,4.5,7.5,50.5,83.5,60.5
"E1WAC3",113.5,114,156,38.5,51,7.5,43.5,68,24,6,20,18,60.5,58.5,88.5,544.5,537.5,642
"E1WAC4",22,29,31.5,17,21,6,13.5,28.5,17,7,3.5,8.5,23,21,29,189,203,249
"E1WAC5",28,25.5,38.5,11,10.5,1,11.5,25,5.5,2,3.5,3,13,14.5,19.5,87,108,115
"E1WAC6",71,72,103.5,19.5,34.5,5.5,28.5,42.5,12.5,1,4.5,9.5,11,13,18,99,97,138.5
"E1WAC7",33.5,49.5,47.5,17.5,31.5,4,18.5,42,7,0.5,2.5,6,2.5,5.5,4.5,55,59.5,58.5
"E1WAC8",179.5,258,300.5,80,101.5,34.5,92,137,35,4,5,16,7,9.5,12.5,82,96.5,99
"E1WAC9",101.5,112,191.5,37.5,71.5,17.5,59,67,32,0,6,10.5,6,14.5,10,59.5,66.5,94
"E1WAD0",63.5,67,76.5,32.5,34,17.5,38,45,19.5,1,1,7.5,6,6.5,4,36.5,35,36
"E1WAD1",38.5,58.5,41,5,14,1,1.5,3.5,2.5,0,0,2.5,2,6.5,5,24,26.5,39
"E1WAD2",26,55.5,38.5,1,2.5,0.5,4,3,1.5,0,1,2,0.5,0.5,3,11,14,19.5
"E1WAD3",39,58,47.5,4.5,8.5,4,4,13.5,3,0,1.5,3,1,0.5,6,22.5,26,21.5
"E1WAD4",40.5,61.5,57,8,9,3.5,1.5,5,2,0,2,0.5,4.5,5.5,5.5,23.5,33.5,24
"E1WAD5",86,110,121,6,15.5,3,6,8,4.5,1,1,1,3.5,4,7,27.5,36,36.5
"E1WAD6",99.5,113.5,124,11.5,11,1.5,7.5,11,2.5,0,2,0.5,7,4,2.5,38.5,46,41.5
"E1WAD8",110.5,130,165,16.5,19.5,2,5,7.5,6,0.5,1.5,3,7,7,9,71.5,60.5,72.5
"E1WAD9",61,84.5,91,6.5,7.5,3,3,10,3,0.5,1,0.5,0.5,2,6.5,19,24,26
"E1WAE0",210.5,288,255,19.5,25,4.5,11.5,14.5,6.5,1,1.5,3,7.5,7.5,9.5,58.5,54,69.5
"E1WAE1",104.5,153.5,129,7.5,13,1,4.5,10,2.5,12.5,1,5,2.5,1.5,4.5,15.5,21,27
"E1WAE2",209.5,230,298,18.5,16,5,8.5,12.5,4.5,0,1.5,1.5,3,4,5,28,26,42.5
"E1WAE3",168.5,198.5,158.5,12,15,4.5,10,7,3.5,0,1,4,5,10,3.5,49.5,44,68
"E1WAE4",133.5,133,125.5,23,25,9,12.5,18.5,9.5,0.5,2,4,4,8.5,3.5,24.5,30,47
"E1WAE5",52,53.5,49.5,11,11,2,10.5,10,3.5,4,7,7,10.5,17.5,12,63.5,66,85.5
"E1WAE6",17.5,23,11.5,5.5,4,0,7,7.5,0.5,1.5,5,2.5,2.5,5,4,19.5,23.5,22.5
"E1WAE7",1.5,1,1.5,1,3,0.5,5,3.5,1.5,1,5,5,4.5,6,7,29,42.5,38
"E1WAE9",13,10.5,6.5,3,4.5,2.5,14.5,19.5,3,1,9,7.5,42,63.5,78,488.5,615.5,606.5
"E1WAF0",3.5,5,9,2.5,2,1,8,4,0.5,2,8,7,60,66.5,101.5,667,739,781
"E1WAF1",3,8,6,1.5,1,0,1.5,3,0,0,2,1.5,7.5,9,33,213,259.5,282
"E1WAF2",6.5,6.5,6,0,2.5,0,0.5,1.5,0.5,0.5,0.5,3,6.5,2.5,5.5,39,41,54
"E1WAF3",20.5,26.5,24.5,4,4.5,1,4.5,9,6.5,7.5,15,5.5,28.5,23.5,28,112,127.5,153.5
"E1WAF7",5.5,5.5,5.5,2.5,2,0,1,1,1,0.5,4.5,1.5,5,6,9,41,30.5,36
"E1WAG0",1,11,0.5,0,1,0,0,0,0.5,1,8,0,51.5,16.5,1.5,65,57,19.5
"E1WAG2",1,1,1,0.5,0.5,0,0.5,0.5,0.5,0,2,0.5,1,3,1.5,6,23.5,13
"E1WAG3",13,6,7.5,0,2,1,4,2.5,2,4,3.5,3.5,7,6,10.5,42.5,46.5,44
"E1WAG4",7,10.5,8,1.5,0,0,0,2,1,0.5,1,2,1.5,6.5,4,17.5,12,21
"E1WAG6",2.5,3,1.5,0.5,3,0,0,2,0.5,1.5,2.5,2.5,5.5,6,9,31.5,52.5,45.5
"E1WAG8",377.5,583.5,631.5,73.5,105,61.5,158.5,321.5,128.5,262.5,502.5,334.5,962.5,1167,986,3703,3862,3865
"E1WAG9",254.5,322,397,39,49,13,86.5,162.5,96,245.5,348,132,574.5,668.5,634,1632.5,1873,2039
"E1WAH0",34,43.5,50,10.5,5.5,6.5,6.5,13.5,6.5,4.5,12.5,19,16,25,20.5,66,76,97
"E1WAH1",35.5,51,53.5,6.5,8.5,4,6,16.5,5.5,8.5,15,18.5,22.5,25,26,77,107,114.5
"E1WAH2",32,42,63.5,4,7.5,2,9,26,5,7.5,22,14.5,21.5,29,28.5,88,116,117
"E1WAH3",15.5,14.5,24,1.5,2.5,0,6,5.5,1,3,5.5,4.5,9,9,6.5,30.5,30.5,37
"E1WAH4",22,29,30,1,3,1,3,7,1.5,5.5,6.5,7.5,12.5,10,6.5,53.5,49.5,60.5
"E1WAH5",21,27.5,47,3,1.5,0.5,4.5,8.5,3.5,5,11,10,26.5,24,34.5,106,128,136
"E1WAH6",3,2.5,3,3,3,1.5,6.5,8.5,6,4,7,13.5,8.5,14.5,14,23.5,22,39
"E1WAH7",1,4.5,6.5,1.5,3,2,3.5,9.5,6,3.5,9,4.5,22.5,25,27,71,70,75
"E1WAH8",5.5,7,10.5,5.5,5,4,7,6,11.5,7,16,13,44,51.5,61,123.5,152,154.5
"E1WAH9",6.5,8.5,2,5.5,10.5,2.5,4,8,10.5,10.5,13.5,8,68,64.5,42,170,217.5,104.5
"E1WAI0",18.5,33.5,29,2.5,2,0,1.5,1.5,1,1,2,0,6,11,11.5,62.5,61,80.5
"E1WAI1",13,11,6,2,2,1,1,9.5,0.5,1.5,1,5,8,11,10.5,10.5,12,38.5
"E1WAI2",4.5,10,7.5,0.5,1.5,3,1,1,3,2.5,5.5,1,3.5,6,6,15.5,19,28
"E1WAI3",2,2.5,5,0,0.5,0,0,4,0.5,1.5,5,1,3,3,2.5,14.5,23.5,19
"E1WAI4",5.5,3.5,2.5,0,1,3,0.5,0,0,1.5,4,1,4.5,4.5,8,13.5,16,24.5
"E1WAI5",5.5,11,5,0,1.5,0,2,4,0,4,17.5,1.5,9.5,15.5,3.5,108,150,29.5
"E1WAI6",6.5,3,1.5,0,1,0,2.5,1.5,1,1,2,3.5,3.5,4.5,4,19,16.5,20
"E1WAI7",1.5,5.5,0,2,3,0,3,2,1.5,0,1.5,3.5,5.5,8,7.5,31,35,29
"E1WAI8",1.5,7,5.5,0,0.5,1,0,2.5,0,2,4.5,2.5,8.5,11,6.5,32.5,38.5,53
"E1WAI9",25.5,28.5,34,8.5,7.5,5.5,4.5,5,4.5,0.5,3.5,5.5,10,17,10,28,42.5,37.5
"E1WAJ0",1,3.5,3.5,0.5,3,0,2,4.5,2.5,1.5,1.5,5.5,16.5,14.5,8.5,31,25,31.5
"E1WAJ1",13,10.5,9.5,7.5,9,0.5,17.5,30,6.5,5,11.5,13.5,70,65,44.5,135,130.5,157
"E1WAJ2",2,2.5,2.5,1.5,2.5,0,7.5,4.5,3,6,6,5.5,23,22,21.5,59,66,98.5
"E1WAJ3",13,7,5.5,0.5,1.5,0.5,1,2.5,0,1,1.5,3,7,5.5,5,29,43,30.5
"E1WAJ4",2,5,9.5,0.5,1.5,0,3,5.5,2.5,0,5.5,4,7,10.5,12,40,51,60.5
"E1WAJ5",45,49.5,38,5,4.5,1.5,3,9,1,5.5,13,4.5,21,28.5,33,151.5,168.5,191.5
"E1WAJ6",453,621,778,96.5,114.5,42.5,137,259,84.5,134.5,316.5,155.5,291,383,322.5,911,1040,1149
"E1WAJ7",429,539,395,29,45.5,12,70.5,127,45.5,59,117,87.5,205.5,262.5,269.5,1197,1411.5,1436
"E1WAJ8",16,27,26.5,3.5,3.5,0.5,7.5,9,3,11,29,9.5,46.5,44,25,307,266,264
"E1WAK0",11,3,5.5,0.5,0.5,1,1.5,3.5,0.5,3,3,2.5,8,8.5,12,61,71.5,72
"E1WAK1",19.5,20,15,5,4.5,1,8,16,4.5,11.5,11.5,14.5,23,36.5,32,141.5,132,156
"E1WAK2",60.5,97.5,70.5,35,42.5,33.5,65.5,108.5,46.5,74,142,104,174.5,217,167,603.5,670,814
"E1WAK3",28.5,32.5,31.5,21,23.5,8.5,35,76,25,28,52.5,56.5,75.5,88.5,94,225.5,233.5,326.5
"E1WAK4",26.5,33,27,7,2,0.5,10,12,3.5,9.5,15,12.5,27.5,26,25.5,95.5,106.5,114
"E1WAK5",3,6.5,9,0.5,0,0,0.5,6,0,3.5,6,1,8.5,9.5,9.5,34.5,31.5,41
"E1WAK6",5.5,9.5,11,0.5,1,0.5,1,3,1.5,4,2.5,0.5,6,8.5,6.5,39.5,29.5,44.5
"E1WAK7",9.5,7.5,9.5,0.5,0.5,0,5,3,3,0.5,4.5,1,4,8,5.5,36.5,28,39
"E1WAK8",3,0.5,2.5,0,2.5,0,1,5.5,0,0,1.5,1,1,2,4.5,14,18.5,31
"E1WAK9",24.5,30,31.5,2,6.5,0.5,2,7.5,8,4,6.5,13.5,15.5,12.5,13.5,30.5,45.5,62
"E1WAL0",10.5,24,23.5,2.5,2,0.5,0,2,2.5,1,4,2.5,5,9.5,13,29.5,53.5,49.5
"E1WAL1",7,8,7.5,1,2,0,0,3,0,0,1,0.5,1.5,1,3,9.5,15.5,18.5
"E1WAL2",31,40.5,38.5,2,2,0,4.5,6,2,2,3.5,2.5,14,12.5,21.5,83.5,95.5,129
"E1WAL3",23,34.5,22.5,3,1.5,0.5,3,11,4.5,2,7.5,7.5,8.5,18,14,43.5,54,52
"E1WAL4",64,84.5,74.5,12.5,19,16,17.5,41,16.5,34.5,80,39,69,91.5,74.5,145.5,157,184
"E1WAL5",14.5,25,17,3,5,3,4,4.5,3,9.5,17.5,10.5,23,30,13.5,46,54.5,78
"E1WAL6",15.5,22.5,20,4,8.5,0.5,8,10.5,4.5,6.5,15,5,35.5,31,15.5,48,50,67
"E1WAL7",8,8.5,9.5,1,0.5,0,0.5,1,1.5,1,4,1,4.5,6,7,32,27.5,30.5
"E1WAM0",1.5,0,1.5,0,1,1,1,4,0.5,1,0,3.5,2,2.5,1.5,14.5,9.5,20.5
"E1WAM1",3.5,5,18,0,0.5,0,1,7,0,1.5,4.5,1.5,7.5,8,5,24,28,33.5
"E1WAM2",0.5,4,2,0.5,0,0.5,1.5,2,1,2.5,3,0.5,4.5,5,6.5,42,39.5,59.5
"E1WAM3",1.5,2,2,0,1,0,2.5,0,0.5,1,0,0.5,4.5,1.5,7,14.5,25,28
"E1WAM4",10,21,8.5,1.5,2,1.5,4,5.5,1.5,4,10,3.5,18.5,16.5,17,89,115.5,135
"E1WAM5",30,30,35.5,3.5,4.5,1,8.5,16.5,6,12,17.5,13.5,34.5,42.5,48,191.5,190,256.5
"E1WAM6",20,18,24,0.5,3.5,1,7,9,4.5,3,5.5,10.5,20,25,30.5,71.5,78.5,143
"E1WAM7",30,29.5,23.5,2.5,4,0.5,6.5,8,2.5,5.5,11.5,7.5,21,22,32.5,99,126,188.5
"E1WAM8",180,237.5,134.5,12.5,15,15.5,17.5,28.5,15.5,15.5,32,53.5,36.5,50.5,70,94,84,99
"E1WAM9",16.5,20,15,1.5,1,1,2.5,7,3.5,1.5,8.5,1.5,20,18,16,85,82.5,121
"E1WAN0",1.5,3.5,3,0,0.5,0.5,1,1,1,1,3,1,6,4,4.5,21,31,31.5
"E1WAN1",4,7.5,3,0.5,0.5,0,2,1,0,1.5,0.5,0.5,3.5,4.5,4,27.5,41.5,40.5
"E1WAN2",23.5,27.5,28,2,2,1.5,5,2,2.5,3,8.5,6,20.5,14.5,19.5,98.5,115.5,122
"E1WAN3",51.5,76.5,49.5,2.5,3.5,4,6.5,13,4.5,4.5,14.5,9.5,27.5,29,42.5,116.5,129.5,127.5
"E1WAN4",37.5,55,52.5,2,7,0.5,8.5,14.5,6,4.5,11.5,10,36,46.5,50.5,265,289,371.5
"E1WAN5",39,52.5,55,8,9.5,3,14,33.5,4.5,18,45,13,38.5,45.5,24,51,52.5,73
"E1WAN6",10.5,16,23,2,3.5,4.5,5,8.5,1.5,11,8,8,15,18,8.5,35,55.5,49.5
"E1WAN7",44,74,66,8.5,9,3,10.5,28,8.5,8,28.5,22.5,27.5,42,43.5,130.5,143,201
"E1WAN8",49.5,66.5,61,6,4.5,4,7,31,11.5,11.5,23.5,15.5,43,70,53,168,142,230
"E1WAN9",53.5,67,34.5,2.5,14,2,11,22.5,8.5,17,31.5,9.5,37.5,57.5,39.5,217,477.5,134
"E1WAP0",4,8,6,0,1,0,1,0.5,0.5,0,0.5,0,3.5,3,2.5,6,12,17.5
"E1WAP4",24.5,30.5,39.5,1.5,2.5,1.5,4.5,3,3.5,6,12.5,6,9.5,16,13,31.5,30.5,32.5
"E1WAP5",31.5,44,45.5,1.5,3.5,0.5,6,4,3,6,9,4,14,23,13.5,50,65,91
"E1WAP6",111,135.5,131.5,7.5,13.5,6.5,21,29.5,12.5,13.5,33,27.5,55,65,65.5,222.5,238,345
"E1WAP7",66,79.5,64,3,5.5,9,7,13.5,6,7,6,10,23.5,22.5,26.5,75,86,108.5
"E1WAP8",20.5,24.5,14.5,2,1,1.5,4,2,0.5,3.5,4,6.5,6.5,11.5,15,50,59,86
"E1WAP9",64,87,65,1.5,7.5,2,4,8,1.5,3.5,3,9,14,16,17.5,89,126.5,215
"E1WAQ0",9.5,16.5,11.5,0.5,1,0,0.5,1,0,0,3,1.5,3.5,7,5,19.5,25.5,33
"E1WAQ1",17,28,23.5,0,2.5,0.5,6,9,1.5,5.5,6.5,3.5,13,19.5,19,56.5,68.5,86.5
"E1WAQ2",13.5,23.5,20.5,2,2,1.5,2,2,1,4.5,11.5,4,8,15.5,14.5,43.5,50,59
"E1WAQ3",25,48,36.5,4,3,0,8.5,14.5,1.5,12.5,36,7,31.5,32,21,125,115,110
"E1WAQ4",8.5,18,14.5,4,4,1.5,6,6,3.5,8,16.5,7,18,24,19.5,60.5,79,96
"E1WAQ5",53.5,68.5,49.5,7,3,2,7.5,12.5,5,6.5,13,19,19,22,21.5,68,70.5,81
"E1WAQ6",107.5,125,149,12,14,3,23.5,46.5,9,12,24.5,18.5,14.5,37.5,15,31.5,26.5,50.5
"E1WAQ7",7.5,18.5,10.5,0,3,0,2,1.5,2,1,4,3,8,7.5,8.5,29,40,32.5
"E1WAQ8",26.5,15.5,17,1.5,2,0,2.5,4.5,2.5,2.5,4,1,9,8,8.5,36.5,30.5,41
"E1WAR2",10,8,11,8,8,4,8,32,11,17,29.5,28.5,40,53,31.5,47.5,59.5,64.5
"E1WAR3",3,2.5,3.5,2,6,0.5,10,13,5,18.5,36.5,13,70.5,66.5,90.5,448.5,522,434.5
"E1WAR4",6,12.5,1.5,5,2.5,1,11.5,16.5,5.5,11,34,17,38.5,48.5,62,59.5,87,76
"E1WAR5",8,5,7.5,0.5,0,0.5,1,2,0,1.5,1.5,1,4.5,8,7.5,39,43.5,39
"E1WAR6",4.5,9,6,0,1.5,0.5,3,2.5,1,0.5,0.5,1,8,9,5,48.5,53,51
"E1WAR7",1.5,2,1.5,1,0,0.5,0.5,1,0.5,1.5,2,1,4,5,3,33.5,37,39.5
"E1WAR8",0.5,3.5,0.5,1,0.5,0,0,1.5,1.5,0.5,2.5,0,1.5,0,4.5,11,15,14
"E1WAS2",2.5,0.5,1,0.5,0,0,0.5,1,0,0.5,0,1,2.5,2.5,1.5,19.5,8.5,21
"E1WAS5",32,41,18.5,1.5,1.5,0.5,3,3,1,0.5,5,2,10,12,6.5,40,39.5,73.5
"E1WAS6",223.5,259,343,17.5,21.5,5,24.5,45,11,21,27,22.5,123,141.5,108,535.5,645,814.5
"E1WAS7",157.5,196.5,229.5,10.5,16,3.5,21,31.5,6.5,13.5,32,12,142,169,130,760,863,831
"E1WAS8",102,107,137.5,7.5,13.5,4,9,16.5,4,9,15,5.5,75,86.5,61,405,470,503
"E1WAS9",147,212,220.5,26,24.5,5,25.5,43,10,32,60,21,187,201,178.5,1044.5,1132,1158
"E1WAT0",3.5,5.5,5.5,0,0,1,0.5,1,0,0.5,1.5,0,5,8,10.5,64.5,60.5,82.5
"E1WAT1",13.5,34.5,15,2,5,1.5,2.5,5,3.5,2,9,6,11,18,25,67,62,96.5
"E1WAT2",44,61.5,72,5,7,2,5.5,14.5,6,6,8.5,10.5,12,25.5,8.5,60.5,72.5,83.5
"E1WAT3",85,112.5,157.5,6.5,8,5.5,23,19,13,12.5,33,22.5,46.5,55,51,138,163.5,210.5
"E1WAT4",4,10.5,8,1.5,1.5,0,0.5,2.5,3.5,1,2,2,8,4,10,24,32,55.5
"E1WAT5",3,1,4,0.5,1.5,0,2.5,1.5,0.5,3,2,0.5,4.5,7.5,8.5,37.5,44.5,52
"E1WAT7",4,8,8,0,0.5,0.5,0,1.5,0.5,1,2,3.5,2.5,2.5,3.5,14,21,30.5
"E1WAT8",7,8,5.5,2,6,0.5,8,9.5,2,7.5,8,10.5,26,23.5,25.5,63.5,89,104
"E1WAT9",12.5,16.5,23,0.5,3,0.5,4,6.5,5,6,9.5,4,18,19.5,19,52.5,78.5,88
"E1WAU0",2.5,4.5,3.5,2.5,1,1,2.5,8.5,1.5,6,13,4.5,24,19.5,23,30.5,34.5,40.5
"E1WAU1",264.5,319.5,175,74.5,68.5,17,85,132.5,50.5,51,165.5,113,168,201,174.5,363.5,407,453
"E1WAU2",57.5,86,56.5,5.5,10,11.5,26.5,53,10.5,33,45.5,41,62.5,65,59,149,175,192
"E1WAU3",7,14,12,13.5,15.5,6,20,41.5,19,23,74,43.5,69,86.5,55,48,63,73
"E1WAU4",29.5,35,33.5,5.5,17,11.5,28,43,18,28,76,40,74,71.5,49.5,143,156.5,224.5
"E1WAU5",81,121.5,94.5,14.5,30.5,22,47.5,83.5,38,42,107.5,83,115.5,147,102.5,275,305,373
"E1WAU6",38,61,27,13.5,20,7.5,19,27,9,9,15,28.5,19.5,18,31.5,64.5,100,125
"E1WAU7",5,4,5.5,0,1.5,0,2.5,5.5,1,3.5,4.5,6.5,9,9.5,12.5,51,53.5,62
"E1WAU9",126.5,174.5,189.5,11.5,11,7,17.5,23.5,10.5,18.5,34,18,49.5,58,41,148.5,171,181.5
"E1WAV0",25,38.5,40.5,0.5,3.5,5.5,7.5,12,2.5,8,20,8.5,25,30.5,22,58,66,84
"E1WAV1",30.5,47,50,2.5,2.5,3,5.5,4.5,4,2.5,9.5,7,28.5,27.5,24,124.5,129,170
"E1WAV2",24.5,26.5,30,3,8,0,10,15,8.5,12.5,15,12.5,18,27,20,54,56,61
"E1WAV3",13,12.5,8.5,1.5,4,0,0,1.5,2,3,3.5,7,7.5,5,5,55.5,52.5,77.5
"E1WAV4",2,6,4,0.5,0.5,1.5,1,1,0,0,1,3,3.5,6,5.5,18.5,24.5,30
"E1WAV6",2,5,3.5,0,1,0,0.5,0.5,0,0,2,2,3,6.5,4,21.5,29.5,28
"E1WAW0",7,10.5,6,1,1,1.5,1.5,1,0,1,4,3,5,6,6.5,29.5,34.5,39
"E1WAW1",1109.5,1210,1237.5,91.5,123,61,183,280,285,792,1309,263,1766,2135,1934,4024,4070.5,3507
"E1WAW2",3.5,2,2,1,1,0,4.5,5.5,2,4.5,8.5,3,8.5,9.5,6,18,22.5,31
"E1WAW3",2.5,3.5,3.5,0,1.5,0,0.5,1.5,0.5,0.5,3,0,5,11.5,4.5,32.5,20.5,25.5
"E1WAW4",2,2.5,4,0,1,0,1,2,0,1,4,1,4,8.5,3.5,23,26,34
"E1WAW5",3,1.5,1.5,0,0,2.5,0,0.5,0,0,1,1.5,5,2,4,27,25.5,20
"E1WAW8",0.5,2,2,1,0.5,0,0.5,3,0.5,3.5,3,0.5,2.5,3,3,20,20,31.5
"E1WAW9",0.5,1,4,0,2.5,0,1,1,0,0.5,2,2,2.5,4,6.5,42,41,56
"E1WAX0",25,33,41.5,1.5,5,2.5,3.5,6,1,1.5,9,11.5,24,24.5,45,164,180,226.5
"E1WAX1",46,53,46,6.5,8.5,1,11,18.5,3.5,7.5,16.5,9.5,23,34.5,24.5,81,102.5,100
"E1WAX2",30,37,34.5,3.5,4.5,0,6.5,9.5,2,3.5,10,6.5,14,13.5,14,31.5,38,43.5
